,Unnamed: 0,ID,Name,Day,X,Y,edensity,at_wall,hits_wall,corrected_speed,speed
2,32,8d87c468-699a-47a8-b40d-cfb73a5660ad,Crabs,60,-1.0,-1.0,332.74980342235745,True,False,,-0.006675234365244545
9,39,8d87c468-699a-47a8-b40d-cfb73a5660ad,Crabs,67,-1.0,-1.0,337.8667221847338,True,False,,-0.007091334441279823
20,50,8d87c468-699a-47a8-b40d-cfb73a5660ad,Crabs,78,-1.0,-1.0,391.5283899949029,True,False,,-0.008271979853065492
30,90,b63be8c2-576a-4d6e-8daf-814f8bcea96f,Dale,61,-1.0,-1.0,1351.3154743635605,True,False,,-0.027464093433683237
43,103,b63be8c2-576a-4d6e-8daf-814f8bcea96f,Dale,74,-1.0,-1.0,1468.14348606441,True,False,,-0.029702869721288286
44,104,b63be8c2-576a-4d6e-8daf-814f8bcea96f,Dale,75,-0.9502924224819688,-0.9502924224819688,1487.14348606441,False,False,0.10000000000000014,-0.013425781417685079
54,144,ca3f1c8c-c025-4d8e-8eef-5be6accbeb16,Firefighters,58,0.7172177331266186,-0.6198881745604611,-680.5733042591482,False,False,0.106180833050839,-0.0006783240748676062
55,145,ca3f1c8c-c025-4d8e-8eef-5be6accbeb16,Firefighters,59,0.652992474867141,-0.5441259708565005,-662.5733042591482,False,False,0.10591104085245244,0.0012719058447088483
56,146,ca3f1c8c-c025-4d8e-8eef-5be6accbeb16,Firefighters,60,0.5988093903859578,-0.4585678486849349,-665.089145847945,False,False,0.10511029225475269,0.0004672167028970109
57,147,ca3f1c8c-c025-4d8e-8eef-5be6accbeb16,Firefighters,61,0.5394380511106102,-0.3775202965647232,-664.9532143058896,False,False,0.10296899323758488,-0.008015325329053052
58,148,ca3f1c8c-c025-4d8e-8eef-5be6accbeb16,Firefighters,62,0.449779127240088,-0.3569665196684965,-649.6091044839129,False,False,0.10412232839285647,-0.0005136365389693115
59,149,ca3f1c8c-c025-4d8e-8eef-5be6accbeb16,Firefighters,63,0.3842633621344173,-0.2820984955372368,-653.2847798279497,False,False,0.10325231121574158,-0.0031047438473263828
60,150,ca3f1c8c-c025-4d8e-8eef-5be6accbeb16,Firefighters,64,0.3068349563548201,-0.2238444601120212,-654.1308703834175,False,False,0.10287011740313579,0.00044209494479266476
61,151,ca3f1c8c-c025-4d8e-8eef-5be6accbeb16,Firefighters,65,0.2452428889774782,-0.14450322447075,-656.1616048630974,False,False,0.1017522301738862,-0.005321840488874879
62,152,ca3f1c8c-c025-4d8e-8eef-5be6accbeb16,Firefighters,66,0.1592543849789286,-0.1048808688049712,-651.1616048630974,False,False,0.10097820037271585,-0.008491126024931211
63,153,ca3f1c8c-c025-4d8e-8eef-5be6accbeb16,Firefighters,67,0.0683593421525435,-0.0942995075610366,-634.1616048630974,False,False,0.1009205096164742,0.0005493708776720119
64,154,ca3f1c8c-c025-4d8e-8eef-5be6accbeb16,Firefighters,68,0.0058296756059707,-0.0155580522438401,-634.4616048630975,False,False,0.10003053497043914,-0.011970623878798894
65,155,ca3f1c8c-c025-4d8e-8eef-5be6accbeb16,Firefighters,69,-0.0719513753191498,-0.0567803663136701,-622.4616048630975,False,False,0.10007828199139492,0.006063467585289847
66,156,ca3f1c8c-c025-4d8e-8eef-5be6accbeb16,Firefighters,70,0.0318934815117549,-0.0783605624662712,-622.4616048630975,False,False,0.09940462115905813,0.00044123469075792177
67,157,ca3f1c8c-c025-4d8e-8eef-5be6accbeb16,Firefighters,71,0.1090449947775859,-0.1426729689443079,-599.4616048630975,False,False,0.09871784836345565,0.0009917770820856847
68,158,ca3f1c8c-c025-4d8e-8eef-5be6accbeb16,Firefighters,72,0.1891962250564939,-0.2041149686104577,-585.4616048630975,False,False,0.09804139686515101,0.0008579556467918359
69,159,ca3f1c8c-c025-4d8e-8eef-5be6accbeb16,Firefighters,73,0.2680677444863995,-0.2669768063187864,-561.4616048630975,False,False,0.09743543121222471,0.0019979183381524657
70,160,ca3f1c8c-c025-4d8e-8eef-5be6accbeb16,Firefighters,74,0.3534132025715014,-0.3228313328100255,-560.7616048630975,False,False,0.09680633065750635,0.0009995683515855863
71,161,ca3f1c8c-c025-4d8e-8eef-5be6accbeb16,Firefighters,75,0.4322808770443215,-0.3859249357381821,-564.6116751737734,False,False,0.10376168143762296,0.0004041381535241362
72,162,ca3f1c8c-c025-4d8e-8eef-5be6accbeb16,Firefighters,76,0.3713214747148999,-0.30614434771082,-565.932905915204,False,False,0.09682570481148274,0.0009938612324525975
73,163,ca3f1c8c-c025-4d8e-8eef-5be6accbeb16,Firefighters,77,0.4501355893594473,-0.3692957161792549,-566.4484852191042,False,False,0.09638481215152782,0.0010048623903007453
74,164,ca3f1c8c-c025-4d8e-8eef-5be6accbeb16,Firefighters,78,0.5286336577829799,-0.4328569896109443,-570.9523327891941,False,False,0.09589743785182646,0.0010867174015693482
75,165,ca3f1c8c-c025-4d8e-8eef-5be6accbeb16,Firefighters,79,0.6072117778959348,-0.4964494693120754,-554.9233015096313,False,False,0.09551971096890542,0.0004978581718650538
76,166,ca3f1c8c-c025-4d8e-8eef-5be6accbeb16,Firefighters,80,0.6814038411960431,-0.5642385336248761,-555.6103418771379,False,False,0.10093746420435644,-0.009652443478940717
77,167,ca3f1c8c-c025-4d8e-8eef-5be6accbeb16,Firefighters,81,0.5944660444575828,-0.5888251248401738,-540.6103418771379,False,False,0.09511878260057083,0.00023342478137285128
78,168,ca3f1c8c-c025-4d8e-8eef-5be6accbeb16,Firefighters,82,0.6664637078842224,-0.6585608825582014,-529.6103418771379,False,False,0.09483791934027895,0.0012658327463329622
79,169,ca3f1c8c-c025-4d8e-8eef-5be6accbeb16,Firefighters,83,0.7451933722877649,-0.7222508254433528,-531.6103418771379,False,False,,0.0012996609342843524
81,201,3f8bbb15-61c0-4e3f-8e4a-907a5fb1565e,Flowers,58,0.0353545409527422,0.0436011243638879,1302.0453969455757,False,False,0.09999887649812841,-0.026098851486536373
82,202,3f8bbb15-61c0-4e3f-8e4a-907a5fb1565e,Flowers,59,0.0883468630336637,0.0951102842491053,1304.0453969455757,False,False,0.10001399071989588,-0.025791671154069343
83,203,3f8bbb15-61c0-4e3f-8e4a-907a5fb1565e,Flowers,60,0.1253992971991122,0.1594064209333641,1305.0453969455757,False,False,0.09998865533923691,-0.02678734257289256
84,204,3f8bbb15-61c0-4e3f-8e4a-907a5fb1565e,Flowers,61,0.1789738396696787,0.2093049340034793,1323.0453969455757,False,False,0.09996845966237579,-0.02692134655686791
85,205,3f8bbb15-61c0-4e3f-8e4a-907a5fb1565e,Flowers,62,0.2371498398456339,0.2535321043017096,1340.0453969455757,False,False,0.09998621093443429,-0.02696197783435149
86,206,3f8bbb15-61c0-4e3f-8e4a-907a5fb1565e,Flowers,63,0.2944790505415875,0.2987859912380681,1355.321446574298,False,False,0.0999952406240667,-0.02681944897988553
87,207,3f8bbb15-61c0-4e3f-8e4a-907a5fb1565e,Flowers,64,0.3540308605859373,0.3413180376037117,1354.9729294442309,False,False,0.09997609053236152,-0.026272346141904185
88,208,3f8bbb15-61c0-4e3f-8e4a-907a5fb1565e,Flowers,65,0.3888828734275693,0.4062880625714298,1354.4838953435308,False,False,0.0999816837124154,-0.026869999694432836
89,209,3f8bbb15-61c0-4e3f-8e4a-907a5fb1565e,Flowers,66,0.4485306060380788,0.4485981670278999,1356.2372823634437,False,False,0.09999990645347816,-0.026634886901092905
90,210,3f8bbb15-61c0-4e3f-8e4a-907a5fb1565e,Flowers,67,0.5110865613974295,0.4869282109764053,1357.6703923643731,False,False,0.10001897703140296,-0.027468441987786543
91,211,3f8bbb15-61c0-4e3f-8e4a-907a5fb1565e,Flowers,68,0.5691143589503481,0.5304437440518093,1359.2339636966094,False,False,0.09999772859035623,-0.027605588288521943
92,212,3f8bbb15-61c0-4e3f-8e4a-907a5fb1565e,Flowers,69,0.6201241692884079,0.5818144564892105,1383.3421889064666,False,False,0.1000082914835242,-0.027607050283740206
93,213,3f8bbb15-61c0-4e3f-8e4a-907a5fb1565e,Flowers,70,0.6736969533429092,0.6305042498474769,1380.2937570035583,False,False,0.10000463927858393,-0.027661085594899562
94,214,3f8bbb15-61c0-4e3f-8e4a-907a5fb1565e,Flowers,71,0.7262871096463713,0.6801751064666844,1381.4059597238845,False,False,0.10000911497847473,-0.02794731659804417
95,215,3f8bbb15-61c0-4e3f-8e4a-907a5fb1565e,Flowers,72,0.7796025073120905,0.7286421835104748,1383.4059597238845,False,False,0.0999590981242644,-0.0278274345225729
96,216,3f8bbb15-61c0-4e3f-8e4a-907a5fb1565e,Flowers,73,0.8219544367655052,0.7870818385331261,1398.4059597238845,False,False,0.10000070682914793,-0.028407411487134465
97,217,3f8bbb15-61c0-4e3f-8e4a-907a5fb1565e,Flowers,74,0.8730795404218277,0.837198926498238,1404.4059597238845,False,False,0.09999850529161719,-0.02880785442544495
98,218,3f8bbb15-61c0-4e3f-8e4a-907a5fb1565e,Flowers,75,0.9232470959249997,0.8877116770306016,1420.4059597238845,False,False,0.10000197017185145,-0.02918539532774317
102,222,3f8bbb15-61c0-4e3f-8e4a-907a5fb1565e,Flowers,79,1.0,1.0,1465.1951823223192,True,False,0.09999999999999994,0.029771525751454725
103,223,3f8bbb15-61c0-4e3f-8e4a-907a5fb1565e,Flowers,80,0.9082791382486548,0.9081962287514772,1485.2599249394743,False,False,0.10000000000579616,0.030152964001313398
104,224,3f8bbb15-61c0-4e3f-8e4a-907a5fb1565e,Flowers,81,0.8162466786104265,0.8161646015178731,1488.576484697122,False,False,0.10000000000713773,0.03134792483678717
105,225,3f8bbb15-61c0-4e3f-8e4a-907a5fb1565e,Flowers,82,0.7233693010859648,0.723287962350056,1507.6482000661767,False,False,0.09999938099121815,0.006801549987349331
106,226,3f8bbb15-61c0-4e3f-8e4a-907a5fb1565e,Flowers,83,0.6258714045561335,0.7668853390137798,1567.3962418393928,False,False,,0.007661700034496538
111,261,105bc3ff-1320-4e37-8ef0-8d595cb95dd0,Garages,61,1.0,1.0,1398.4037679241142,True,False,0.09999999999999998,0.02323046934790414
123,273,105bc3ff-1320-4e37-8ef0-8d595cb95dd0,Garages,73,1.0,1.0,1575.8496589012182,True,False,0.09999999999999987,0.03207434538462184
124,274,105bc3ff-1320-4e37-8ef0-8d595cb95dd0,Garages,74,0.9066077154361692,0.9066109541074284,1590.0172695495055,False,False,0.1000000000000104,0.03203434539099015
125,275,105bc3ff-1320-4e37-8ef0-8d595cb95dd0,Garages,75,0.8132453483611981,0.8132485592314098,1603.7172695495058,False,False,0.10000000001013123,0.032034343161733814
126,276,105bc3ff-1320-4e37-8ef0-8d595cb95dd0,Garages,76,0.7198526756745405,0.7199164829521728,1601.7172695495058,False,False,0.09999999999660764,0.03247634538743813
127,277,105bc3ff-1320-4e37-8ef0-8d595cb95dd0,Garages,77,0.6261792360024271,0.6262400783072104,1601.7172695495058,False,False,0.10000000000516529,0.032796345390986
128,278,105bc3ff-1320-4e37-8ef0-8d595cb95dd0,Garages,78,0.5322783494762917,0.5323385721488537,1623.817269549506,False,False,0.09999999133439416,0.033021309759946854
129,279,105bc3ff-1320-4e37-8ef0-8d595cb95dd0,Garages,79,0.4393306016861663,0.4371787853111618,1639.817269549506,False,False,0.10000000914466112,0.03306553106703286
130,280,105bc3ff-1320-4e37-8ef0-8d595cb95dd0,Garages,80,0.3452293399420948,0.343096969340565,1651.2172695495058,False,False,0.09999910493042141,0.03336884325428377
131,281,105bc3ff-1320-4e37-8ef0-8d595cb95dd0,Garages,81,0.2481755817621671,0.2516212000126286,1653.276553351716,False,False,0.09999990006893075,0.0365113210116399
132,282,105bc3ff-1320-4e37-8ef0-8d595cb95dd0,Garages,82,0.1518823315266819,0.1548588585598236,1669.4093462748522,False,False,0.10000257506704555,-0.03696151537266493
133,283,105bc3ff-1320-4e37-8ef0-8d595cb95dd0,Garages,83,0.1919206165961213,0.203549579162512,1825.572424740688,False,False,,-0.035748437952380335
157,337,d9f89a8a-c563-493e-9d64-78e4f9a55d4a,Georgias,80,-1.0,1.0,70.28940782571385,True,False,0.09877084721016276,0.00022184646452817758
162,372,a37f9158-7f82-46bc-908c-c9e2dda7c33b,Jazz Hands,58,0.8028162424767511,0.7955999855638661,1060.7805703144618,False,False,0.09999503266778592,-0.021655471999863965
163,373,a37f9158-7f82-46bc-908c-c9e2dda7c33b,Jazz Hands,59,0.8478615659779616,0.8596997819616348,1076.6730060153882,False,False,0.1000045884823257,-0.022118097794223898
164,374,a37f9158-7f82-46bc-908c-c9e2dda7c33b,Jazz Hands,60,0.8970240491643626,0.920103763106398,1095.595120388999,False,False,0.10001812794214492,-0.02215821484305744
178,388,a37f9158-7f82-46bc-908c-c9e2dda7c33b,Jazz Hands,74,0.9236201922506956,1.0,1236.747702144184,True,False,0.09999011943295627,0.025189475453167604
179,389,a37f9158-7f82-46bc-908c-c9e2dda7c33b,Jazz Hands,75,0.8378907295828215,0.9087702680321988,1240.798455263096,False,False,0.09999489630753272,-0.025473869617685302
183,393,a37f9158-7f82-46bc-908c-c9e2dda7c33b,Jazz Hands,79,1.0,1.0,1289.7349068911285,True,False,0.09999999999999996,0.026754007267476787
184,394,a37f9158-7f82-46bc-908c-c9e2dda7c33b,Jazz Hands,80,0.9103713819185982,0.9103713819185982,1309.7349068911285,False,False,0.09999999999999994,0.027025440856144556
185,395,a37f9158-7f82-46bc-908c-c9e2dda7c33b,Jazz Hands,81,0.8205508313060077,0.8205508313060077,1337.7003633738418,False,False,0.09999999999999996,-0.027319624670102127
186,396,a37f9158-7f82-46bc-908c-c9e2dda7c33b,Jazz Hands,82,0.871943617560962,0.871943617560962,1351.2720428072298,False,False,0.10000000000000012,0.008121301090718583
187,397,a37f9158-7f82-46bc-908c-c9e2dda7c33b,Jazz Hands,83,0.7708116479063611,0.9101867929433844,1365.9812335051038,False,False,,0.005822570325943091
193,433,c73b705c-40ad-4633-a6ed-d357ee2e2bcf,Lift,62,-1.0,-1.0,1320.2493615566036,True,False,,-0.026714987231132054
205,445,c73b705c-40ad-4633-a6ed-d357ee2e2bcf,Lift,74,-1.0,-1.0,1429.7301504592754,True,False,,-0.028854603009185367
210,450,c73b705c-40ad-4633-a6ed-d357ee2e2bcf,Lift,79,-1.0,-1.0,1452.7301504592754,True,False,,-0.029395903150804314
220,490,b72f3061-f573-40d7-832a-5ad475bd7909,Lovers,62,1.0,-1.0,489.2547577530133,True,False,0.09370481911699888,0.0015438221464805085
221,491,b72f3061-f573-40d7-832a-5ad475bd7909,Lovers,63,0.9213925413079403,-0.935719246627842,504.5151173633549,False,False,0.09371794469837454,-0.006491448283674137
222,492,b72f3061-f573-40d7-832a-5ad475bd7909,Lovers,64,0.914886914737782,-0.8424372758777853,521.3489277729934,False,False,0.10603681362057461,-0.0003183975513130488
223,493,b72f3061-f573-40d7-832a-5ad475bd7909,Lovers,65,0.9771036523648344,-0.9203185921595778,524.9860697571098,False,False,0.09371365415772573,0.0014147027462471512
224,494,b72f3061-f573-40d7-832a-5ad475bd7909,Lovers,66,0.8992156020647049,-0.855369430859726,535.9860697571098,False,False,0.0939476512891881,0.0015348504259988655
225,495,b72f3061-f573-40d7-832a-5ad475bd7909,Lovers,67,0.8200891492057231,-0.7917429402368314,537.9860697571098,False,False,0.0941708136502089,0.001455902610617621
226,496,b72f3061-f573-40d7-832a-5ad475bd7909,Lovers,68,0.7410496895448353,-0.728134261654031,539.9860697571098,False,False,0.10569532189190428,-0.00019186451288270845
227,497,b72f3061-f573-40d7-832a-5ad475bd7909,Lovers,69,0.8033840997606573,-0.8060835093249379,540.7451165788433,False,False,0.09399776112760479,0.0014570615026791023
228,498,b72f3061-f573-40d7-832a-5ad475bd7909,Lovers,70,0.7244308676897862,-0.7423659883882161,549.3696308511929,False,False,0.09381602274574195,-0.004196986257805638
229,499,b72f3061-f573-40d7-832a-5ad475bd7909,Lovers,71,0.6885459202037206,-0.6535375695910237,550.7455901729467,False,False,0.09444239551057072,0.0014446737850111607
230,500,b72f3061-f573-40d7-832a-5ad475bd7909,Lovers,72,0.6090360204465795,-0.5905360007220131,562.7455901729467,False,False,0.09465945935501466,0.0014156988109948754
231,501,b72f3061-f573-40d7-832a-5ad475bd7909,Lovers,73,0.5293796035879533,-0.5277665876407422,576.7455901729467,False,False,0.09775305171582671,-0.011022377784114967
232,502,b72f3061-f573-40d7-832a-5ad475bd7909,Lovers,74,0.5740477169496433,-0.4508135051560232,593.7455901729467,False,False,0.09566295268754596,0.0012769755553470735
233,503,b72f3061-f573-40d7-832a-5ad475bd7909,Lovers,75,0.494512142875288,-0.3881148749134006,575.8372889784148,False,False,0.0962264656511712,0.0023891753303906527
234,504,b72f3061-f573-40d7-832a-5ad475bd7909,Lovers,76,0.4079419226232901,-0.3334418450873698,566.7031050033745,False,False,0.09649646323859286,0.0011843463533177667
235,505,b72f3061-f573-40d7-832a-5ad475bd7909,Lovers,77,0.3282091827594684,-0.2711444764370302,569.8156248786563,False,False,0.09699713761420053,0.0011098017973601298
236,506,b72f3061-f573-40d7-832a-5ad475bd7909,Lovers,78,0.2485474397611624,-0.2088773203917017,585.7801275789495,False,False,0.09764452388145785,0.000957351580100213
237,507,b72f3061-f573-40d7-832a-5ad475bd7909,Lovers,79,0.1693499433874578,-0.1462662717963858,601.4088182472224,False,False,0.09984164866930922,-0.012328130669784942
238,508,b72f3061-f573-40d7-832a-5ad475bd7909,Lovers,80,0.2300734509362638,-0.0830285275068841,600.7576696659429,False,False,0.10159739265598043,0.0007971216228559314
239,509,b72f3061-f573-40d7-832a-5ad475bd7909,Lovers,81,0.290590710839621,-0.1636369698764171,616.7576696659429,False,False,0.0976904775370443,-0.0037362311877019994
240,510,b72f3061-f573-40d7-832a-5ad475bd7909,Lovers,82,0.2420300857289061,-0.0805191085299883,619.457669665943,False,False,0.0982842602209354,0.00046105979432668753
241,511,b72f3061-f573-40d7-832a-5ad475bd7909,Lovers,83,0.1652666447325626,-0.0157132549255478,638.457669665943,False,False,,0.0008085270738164424
243,543,7966eb04-efcc-499b-8f03-d13916330531,Magic,58,0.9429972357237542,-0.9174972731352397,-258.0424606760384,False,False,0.10272917244312864,0.001712704654424621
244,544,7966eb04-efcc-499b-8f03-d13916330531,Magic,59,0.9166740875713736,-0.819249799073735,-248.04246067603836,False,False,0.10207657729999006,-0.0005390253594836636
245,545,7966eb04-efcc-499b-8f03-d13916330531,Magic,60,0.8440021223187941,-0.7513434595849264,-214.04246067603836,False,False,0.10168103612184382,0.0023726746637985213
246,546,7966eb04-efcc-499b-8f03-d13916330531,Magic,61,0.8531346621990449,-0.6493789499104541,-194.04246067603836,False,False,0.10164790468070266,0.0017938587063068001
247,547,7966eb04-efcc-499b-8f03-d13916330531,Magic,62,0.8402691891973697,-0.5484013817343353,-168.04246067603833,False,False,0.10147042390848847,-0.00021776719063763827
248,548,7966eb04-efcc-499b-8f03-d13916330531,Magic,63,0.7710154106395593,-0.4765654009177031,-166.04246067603833,False,False,0.1012606496190551,0.00013879988942652743
249,549,7966eb04-efcc-499b-8f03-d13916330531,Magic,64,0.7094342538307917,-0.3975999631022348,-164.04246067603833,False,False,0.10109115982840106,-0.00015870299642144203
250,550,7966eb04-efcc-499b-8f03-d13916330531,Magic,65,0.6398462279864603,-0.3260053316942483,-148.04246067603833,False,False,0.10097852609873356,-3.961644234906636e-05
251,551,7966eb04-efcc-499b-8f03-d13916330531,Magic,66,0.5726516348517141,-0.2519988121540847,-145.04246067603833,False,False,0.10081176861313483,-0.00036622990562625024
252,552,7966eb04-efcc-499b-8f03-d13916330531,Magic,67,0.4971058612139775,-0.1870394076871841,-144.24246067603832,False,False,0.10046758941425978,-0.00016059187459181723
253,553,7966eb04-efcc-499b-8f03-d13916330531,Magic,68,0.4236087264862181,-0.1194666424511705,-141.4424606760383,False,False,0.1003083355381689,-0.00016770271583869956
254,554,7966eb04-efcc-499b-8f03-d13916330531,Magic,69,0.3479713228958454,-0.0543093653507557,-94.50087530915698,False,False,0.10009000598409386,-0.001229745490588005
255,555,7966eb04-efcc-499b-8f03-d13916330531,Magic,70,0.2523609958194868,-0.0790929997130873,-77.27078939912553,False,False,0.10014316943782686,-0.0005329352105329088
256,556,7966eb04-efcc-499b-8f03-d13916330531,Magic,71,0.1591811562440033,-0.0442904929855654,-70.3932463471931,False,False,0.10002666092538223,-2.8701227021893372e-05
257,557,7966eb04-efcc-499b-8f03-d13916330531,Magic,72,0.0830719630047364,0.0205296526701178,-61.27276885141009,False,False,0.10000026820092861,0.00020427141993366316
258,558,7966eb04-efcc-499b-8f03-d13916330531,Magic,73,0.0145793813886715,-0.0526117328401829,-15.686628940021365,False,False,0.10001626399441312,-0.0001429081845004676
259,559,7966eb04-efcc-499b-8f03-d13916330531,Magic,74,0.1008454431472535,-0.102906915258717,10.220177721669415,False,False,0.10008397077975667,-0.0001990493908189811
260,560,7966eb04-efcc-499b-8f03-d13916330531,Magic,75,0.1838103769644304,-0.1583780744246083,27.42641958387935,False,False,0.10015722681748006,-0.00023532449487932705
261,561,7966eb04-efcc-499b-8f03-d13916330531,Magic,76,0.2666386554391381,-0.2139880264436336,47.54304360621381,False,False,0.10021448289588537,-0.0009530995633940526
262,562,7966eb04-efcc-499b-8f03-d13916330531,Magic,77,0.3649257982612403,-0.2262324554612164,54.75522420452762,False,False,0.10035610137067046,1.9042769217700317e-05
263,563,7966eb04-efcc-499b-8f03-d13916330531,Magic,78,0.4320596768046824,-0.30037320854739,74.75522420452762,False,False,0.1004197354206074,9.998622905151022e-05
264,564,7966eb04-efcc-499b-8f03-d13916330531,Magic,79,0.4943889977203187,-0.3786998515065513,74.75522420452762,False,False,0.09941211879653507,0.0001579760239856648
265,565,7966eb04-efcc-499b-8f03-d13916330531,Magic,80,0.4197480399675254,-0.3119140177768821,71.75522420452762,False,False,0.10057091019308032,-3.647515687575653e-05
266,566,7966eb04-efcc-499b-8f03-d13916330531,Magic,81,0.4884633320502349,-0.3845150848010646,87.75522420452762,False,False,0.10073426602162182,-4.703936569259992e-05
267,567,7966eb04-efcc-499b-8f03-d13916330531,Magic,82,0.556818172510378,-0.4574411441024679,97.75522420452762,False,False,0.10095077834672647,7.160158871229172e-05
268,568,7966eb04-efcc-499b-8f03-d13916330531,Magic,83,0.6207800131901753,-0.5344035270007527,107.75522420452762,False,False,,-9.932774495474694e-05
270,600,46358869-dce9-4a01-bfba-ac24fc56f57e,Mechanics,58,0.7410559464315116,-0.7055965057752372,-272.74897460844414,False,False,0.10258392880116517,0.0005859120713220256
271,601,46358869-dce9-4a01-bfba-ac24fc56f57e,Mechanics,59,0.6868963442200746,-0.6208364727672291,-259.74897460844414,False,False,0.1022964625020342,-0.00025006329532832605
272,602,46358869-dce9-4a01-bfba-ac24fc56f57e,Mechanics,60,0.6191314382845786,-0.5476383348391411,-243.3489746084441,False,False,0.10213706129074519,-0.00018147139169906457
273,603,46358869-dce9-4a01-bfba-ac24fc56f57e,Mechanics,61,0.5518715074779372,-0.4738830613909869,-244.94897460844413,False,False,0.10182682439509283,-0.00016497944369579798
274,604,46358869-dce9-4a01-bfba-ac24fc56f57e,Mechanics,62,0.4840903444501566,-0.4005840486549404,-246.94897460844413,False,False,0.10160762559705656,-0.000115140364122579
275,605,46358869-dce9-4a01-bfba-ac24fc56f57e,Mechanics,63,0.4165178462246293,-0.3270249386274255,-233.5627277764328,False,False,0.10138195180424607,-8.402671411568419e-05
276,606,46358869-dce9-4a01-bfba-ac24fc56f57e,Mechanics,64,0.3488998507063217,-0.2534653818060873,-231.8754098435728,False,False,0.098873706162306,0.00020663735639793457
277,607,46358869-dce9-4a01-bfba-ac24fc56f57e,Mechanics,65,0.4224020846364769,-0.3215740580342551,-231.79558251312244,False,False,0.10136288773137321,-5.1709052371812225e-05
278,608,46358869-dce9-4a01-bfba-ac24fc56f57e,Mechanics,66,0.3552502611256337,-0.2475450538364388,-228.3955825131225,False,False,0.10112788547758444,-6.400593805398758e-05
279,609,46358869-dce9-4a01-bfba-ac24fc56f57e,Mechanics,67,0.2874032865615654,-0.1741693701827107,-229.3955825131225,False,False,0.10088452806220193,-2.9073153322831113e-05
280,610,46358869-dce9-4a01-bfba-ac24fc56f57e,Mechanics,68,0.2195918457484386,-0.100713296850198,-230.3955825131225,False,False,0.10062464351316701,-0.00023988038700430148
281,611,46358869-dce9-4a01-bfba-ac24fc56f57e,Mechanics,69,0.1482441189057526,-0.0309882415287379,-232.3955825131225,False,False,0.10030206435236877,-0.0015518470584687805
282,612,46358869-dce9-4a01-bfba-ac24fc56f57e,Mechanics,70,0.05971929178612,0.0120860408336914,-235.3955825131225,False,False,0.09998819302745382,-0.004086693736165561
283,613,46358869-dce9-4a01-bfba-ac24fc56f57e,Mechanics,71,0.0014661217767515,-0.0641106159323355,-218.99558251312249,False,False,0.1001092061496202,0.0016383523030307073
284,614,46358869-dce9-4a01-bfba-ac24fc56f57e,Mechanics,72,-0.0314125634082296,0.0320629080718409,-206.1345357267957,False,False,0.100110159334033,9.007730250118473e-05
285,615,46358869-dce9-4a01-bfba-ac24fc56f57e,Mechanics,73,0.0425275923383976,-0.0353972797620599,-194.26610634399424,False,False,0.09986645937514838,0.0007629591728896684
286,616,46358869-dce9-4a01-bfba-ac24fc56f57e,Mechanics,74,0.1271765927544047,-0.0900573261382592,-192.98665371301365,False,False,0.09965789895013136,8.227056443825542e-05
287,617,46358869-dce9-4a01-bfba-ac24fc56f57e,Mechanics,75,0.2000369780640676,-0.1586709190616799,-194.9866362004149,False,False,0.099495077227394,9.546488575673528e-05
288,618,46358869-dce9-4a01-bfba-ac24fc56f57e,Mechanics,76,0.2727485434191577,-0.2274614006293228,-179.62503932555717,False,False,0.09933665736476394,0.0007680490324386557
289,619,46358869-dce9-4a01-bfba-ac24fc56f57e,Mechanics,77,0.3582651304611789,-0.2807634929568138,-162.62765397148024,False,False,0.09913917312559983,0.00014330600011693007
290,620,46358869-dce9-4a01-bfba-ac24fc56f57e,Mechanics,78,0.4310487241737017,-0.349547431655637,-163.44209398177907,False,False,0.09905670809624909,0.00014989514572059937
291,621,46358869-dce9-4a01-bfba-ac24fc56f57e,Mechanics,79,0.5036745295195723,-0.4185075208055399,-164.05870649728456,False,False,0.09892872656468212,0.0002078259791072623
292,622,46358869-dce9-4a01-bfba-ac24fc56f57e,Mechanics,80,0.5772063365550082,-0.4865860177158159,-150.9263449912063,False,False,0.09897434456841372,0.000657837416500287
293,623,46358869-dce9-4a01-bfba-ac24fc56f57e,Mechanics,81,0.6612845087808998,-0.5419291400393703,-149.7263449912063,False,False,0.09884196764952177,0.00023130427590496716
294,624,46358869-dce9-4a01-bfba-ac24fc56f57e,Mechanics,82,0.7349359474098967,-0.6099128141437328,-136.7263449912063,False,False,0.09885032760811914,0.0007630487270302716
295,625,46358869-dce9-4a01-bfba-ac24fc56f57e,Mechanics,83,0.8206977805527558,-0.6628098836726043,-134.02634499120632,False,False,,0.0002147717019181511
300,660,36569151-a2fb-43c1-9df7-2df512424c82,Millennials,61,1.0,1.0,-1179.4835519383366,True,False,0.10000000000000007,-0.023046150484802075
312,672,36569151-a2fb-43c1-9df7-2df512424c82,Millennials,73,1.0,1.0,-1082.0740810900534,True,False,0.10000000000000012,-0.020963622486540226
313,673,36569151-a2fb-43c1-9df7-2df512424c82,Millennials,74,0.9446684811462274,0.9435626719999544,-1067.221669143291,False,False,0.09999999941462119,-0.0205244333719989
314,674,36569151-a2fb-43c1-9df7-2df512424c82,Millennials,75,0.8884699812373466,0.8873657477172735,-1048.221669143291,False,False,0.10000035448816606,-0.02019765450956565
315,675,36569151-a2fb-43c1-9df7-2df512424c82,Millennials,76,0.8271480079881889,0.8362968732181792,-1026.221669143291,False,False,0.09999996533739727,-0.020204433382850495
316,676,36569151-a2fb-43c1-9df7-2df512424c82,Millennials,77,0.7707479334019891,0.7798489854062952,-1013.2216691432908,False,False,0.09999996305123389,-0.02020443338286579
317,677,36569151-a2fb-43c1-9df7-2df512424c82,Millennials,78,0.7143477806322586,0.7234011757118477,-1010.2216691432908,False,False,0.09999996099549179,-0.019924433382865772
318,678,36569151-a2fb-43c1-9df7-2df512424c82,Millennials,79,0.6577497215947363,0.6667552925230382,-1010.2216691432908,False,False,0.09999995873531997,-0.019644433382865867
319,679,36569151-a2fb-43c1-9df7-2df512424c82,Millennials,80,0.6009537562894224,0.6099113358398669,-996.2216691432908,False,False,0.09999995589903139,-0.0195644333828658
320,680,36569151-a2fb-43c1-9df7-2df512424c82,Millennials,81,0.5441012463361679,0.553010786729735,-982.2216691432908,False,False,0.09999995556769796,-0.01949643334012703
321,681,36569151-a2fb-43c1-9df7-2df512424c82,Millennials,82,0.4872048762177178,0.496057935068866,-978.2216691432908,False,False,0.09995102025302581,0.00036905655964272754
322,682,36569151-a2fb-43c1-9df7-2df512424c82,Millennials,83,0.4248499023971441,0.574707822255742,-974.8216691432908,False,False,,0.0024840100603730764
327,717,eb67ae5e-c4bf-46ca-bbbc-425cd34182ff,Moist Talkers,61,1.0,1.0,549.1399647808412,True,False,0.10000000000000016,0.011188544159670313
328,718,eb67ae5e-c4bf-46ca-bbbc-425cd34182ff,Moist Talkers,62,0.9213778264344372,0.9213778264344372,559.7272079835084,False,False,0.10000000000000026,-0.011348544159669918
337,727,eb67ae5e-c4bf-46ca-bbbc-425cd34182ff,Moist Talkers,71,1.0,1.0,618.6365894710439,True,False,0.1000000000000001,0.012692731789420972
338,728,eb67ae5e-c4bf-46ca-bbbc-425cd34182ff,Moist Talkers,72,0.9203142051612636,0.9203142051612636,639.6365894710439,False,False,0.10000000000000021,-0.012712731789420673
339,729,eb67ae5e-c4bf-46ca-bbbc-425cd34182ff,Moist Talkers,73,0.9820356244242132,0.9820356244242132,634.6365894710439,False,False,0.10000000000000017,0.012712140484152756
340,730,eb67ae5e-c4bf-46ca-bbbc-425cd34182ff,Moist Talkers,74,0.9016153476777712,0.903063441343428,635.6365894710439,False,False,0.09999999870687516,0.012692730374247965
341,731,eb67ae5e-c4bf-46ca-bbbc-425cd34182ff,Moist Talkers,75,0.8219703029959183,0.8233369191765316,635.6365894710439,False,False,0.10000000050230999,0.013072731773177582
342,732,eb67ae5e-c4bf-46ca-bbbc-425cd34182ff,Moist Talkers,76,0.7420246044397245,0.7433736278922732,634.6365894710439,False,False,0.10000000078815849,0.013276049267407053
343,733,eb67ae5e-c4bf-46ca-bbbc-425cd34182ff,Moist Talkers,77,0.6619314116974483,0.6632702957894161,653.6365894710439,False,False,0.10000406311234299,0.006352852395982031
344,734,eb67ae5e-c4bf-46ca-bbbc-425cd34182ff,Moist Talkers,78,0.5583598877984092,0.6874336699327825,663.8024633704463,False,False,0.10004031752245905,0.01333033576413925
345,735,eb67ae5e-c4bf-46ca-bbbc-425cd34182ff,Moist Talkers,79,0.4738425334050071,0.6119314725425568,661.722591781082,False,False,0.10001994006598137,0.013598085651296152
346,736,eb67ae5e-c4bf-46ca-bbbc-425cd34182ff,Moist Talkers,80,0.3928613585966379,0.5322660823765909,667.9881871370101,False,False,0.10001017725679874,0.013539620666428928
347,737,eb67ae5e-c4bf-46ca-bbbc-425cd34182ff,Moist Talkers,81,0.3134627752349393,0.4511050669736773,679.9881871370101,False,False,0.0999162966256829,0.01361344347082645
348,738,eb67ae5e-c4bf-46ca-bbbc-425cd34182ff,Moist Talkers,82,0.246258724984797,0.3594992256355016,676.9881871370101,False,False,0.10050967292382566,-0.0029708407530958797
349,739,eb67ae5e-c4bf-46ca-bbbc-425cd34182ff,Moist Talkers,83,0.1876577614660673,0.4368334665565683,688.9881871370101,False,False,,-0.007434369084090564
360,780,b47df036-3aa4-4b98-8e9e-fe1d3ff1894b,Paws,67,1.0,-1.0,957.7532854830142,True,False,0.08835679167705128,0.0037577460248102434
362,782,b47df036-3aa4-4b98-8e9e-fe1d3ff1894b,Paws,69,0.9700198655718542,-1.0,972.7532854830142,True,False,0.08827464243445579,0.0037279634069654066
363,783,b47df036-3aa4-4b98-8e9e-fe1d3ff1894b,Paws,70,0.8843099750171858,-0.9415765025553628,976.7532854830142,False,False,0.08833573081376438,0.0035111007760643964
364,784,b47df036-3aa4-4b98-8e9e-fe1d3ff1894b,Paws,71,0.7990782490045211,-0.8828389433213036,976.7532854830142,False,False,0.11167324632267121,0.00017601624401403226
370,790,b47df036-3aa4-4b98-8e9e-fe1d3ff1894b,Paws,77,1.0,-1.0,1052.9189110895954,True,False,0.08704506776094079,0.0038580518847456807
373,793,b47df036-3aa4-4b98-8e9e-fe1d3ff1894b,Paws,80,1.0,-1.0,1091.9189110895954,True,False,0.08678307033868887,0.004549882752318116
374,794,b47df036-3aa4-4b98-8e9e-fe1d3ff1894b,Paws,81,0.9121551624640656,-0.9433081795863922,1092.9189110895954,False,False,0.08700803865073073,0.004216745545641193
375,795,b47df036-3aa4-4b98-8e9e-fe1d3ff1894b,Paws,82,0.8250310527506881,-0.8861197230695715,1106.9189110895954,False,False,0.11252069048915221,-0.0010321545445911018
416,896,2e22beba-8e36-42ba-a8bf-975683c52b5f,Queens,69,-1.0,0.9890286643413314,693.7817163790576,True,False,0.09132613478014347,0.002429769376261423
418,898,2e22beba-8e36-42ba-a8bf-975683c52b5f,Queens,71,-1.0,0.8191788412895504,720.7817163790576,True,False,0.09107969483746597,0.0021468150305978123
430,940,bfd38797-8404-4b38-8b82-341da28b1f83,Shoe Thieves,58,0.7311009987077846,-0.7066657666077031,-4.099568547703655,False,False,0.09998922161809456,4.052795057676861e-06
431,941,bfd38797-8404-4b38-8b82-341da28b1f83,Shoe Thieves,59,0.6529606622495534,-0.644256645530483,-3.0995685477036545,False,False,0.09985479592388498,-6.836599273626898e-06
432,942,bfd38797-8404-4b38-8b82-341da28b1f83,Shoe Thieves,60,0.5886146917607803,-0.5677175783246285,1.1133406419554035,False,False,0.09986645534912937,1.9321540235553436e-05
433,943,bfd38797-8404-4b38-8b82-341da28b1f83,Shoe Thieves,61,0.5173761308465363,-0.4975112244794346,14.817916414725062,False,False,0.09978950408879825,2.8757067192505814e-05
434,944,bfd38797-8404-4b38-8b82-341da28b1f83,Shoe Thieves,62,0.4461929304573897,-0.4272353095244088,15.231275934521648,False,False,0.09986793066350169,-0.0007628828345034172
435,945,bfd38797-8404-4b38-8b82-341da28b1f83,Shoe Thieves,63,0.4966484246798285,-0.3417821145806974,26.431722871197337,False,False,0.09868891131908081,0.00045394838038795293
436,946,bfd38797-8404-4b38-8b82-341da28b1f83,Shoe Thieves,64,0.4195859116706307,-0.2773432688902533,39.85989210170834,False,False,0.0989008431703535,-0.001845783480023136
437,947,bfd38797-8404-4b38-8b82-341da28b1f83,Shoe Thieves,65,0.3894541551696025,-0.183928454910814,206.5962367412287,False,False,0.09900056103451063,0.00027490211772004947
438,948,bfd38797-8404-4b38-8b82-341da28b1f83,Shoe Thieves,66,0.3147380278712763,-0.1170512815535417,208.81668028008693,False,False,0.09917823988049612,0.0003059014625761275
439,949,bfd38797-8404-4b38-8b82-341da28b1f83,Shoe Thieves,67,0.2392706374721856,-0.0509759695635763,224.2204507833084,False,False,0.09952068986501961,0.002519451951485188
440,950,bfd38797-8404-4b38-8b82-341da28b1f83,Shoe Thieves,68,0.1396243227622357,-0.0268751398442803,240.2322503489599,False,False,0.09965418114141948,0.00024630840551122246
441,951,bfd38797-8404-4b38-8b82-341da28b1f83,Shoe Thieves,69,0.0641984795768322,0.039157159288067,244.2322503489599,False,False,0.10005202978169302,0.0018727478750893006
442,952,bfd38797-8404-4b38-8b82-341da28b1f83,Shoe Thieves,70,0.1029602991761707,-0.0550531273104242,246.2322503489599,False,False,0.10036068840609878,0.00044649917190077437
443,953,bfd38797-8404-4b38-8b82-341da28b1f83,Shoe Thieves,71,0.1650177816536308,-0.1340364677338983,258.9322503489599,False,False,0.1006826596860152,-0.0002897763453842961
444,954,bfd38797-8404-4b38-8b82-341da28b1f83,Shoe Thieves,72,0.2364939414987792,-0.2035583151995999,261.0322503489599,False,False,0.10075604104745874,2.6442009581906234e-08
445,955,bfd38797-8404-4b38-8b82-341da28b1f83,Shoe Thieves,73,0.3041804583335755,-0.2771690530520047,263.0322503489599,False,False,0.10102874088798701,-0.00042866400178540043
446,956,bfd38797-8404-4b38-8b82-341da28b1f83,Shoe Thieves,74,0.3780743864158903,-0.343908384371962,199.31962936063928,False,False,0.10127534958719128,-5.338409218208495e-05
447,957,bfd38797-8404-4b38-8b82-341da28b1f83,Shoe Thieves,75,0.445505421522197,-0.4176808828786339,212.45163235871632,False,False,0.10163329890479175,0.00027201124660637677
448,958,bfd38797-8404-4b38-8b82-341da28b1f83,Shoe Thieves,76,0.5070132661614468,-0.4968721784058159,213.51194635410616,False,False,0.1018803544510028,-0.0008523947160073014
449,959,bfd38797-8404-4b38-8b82-341da28b1f83,Shoe Thieves,77,0.5836026989543335,-0.5598349167358339,230.8169254204954,False,False,0.097812462433698,-0.0028779974295627814
450,960,bfd38797-8404-4b38-8b82-341da28b1f83,Shoe Thieves,78,0.5676925330119297,-0.46402494855414,248.8169254204954,False,False,0.10200002544915276,-0.0003747283742975144
451,961,bfd38797-8404-4b38-8b82-341da28b1f83,Shoe Thieves,79,0.6377681582971797,-0.5348387995112531,260.2169254204954,False,False,0.10233666975297889,-3.819333640464606e-05
452,962,bfd38797-8404-4b38-8b82-341da28b1f83,Shoe Thieves,80,0.7027096774040588,-0.6108319695171219,260.2169254204954,False,False,0.10251963948587635,-0.0001804183132367715
453,963,bfd38797-8404-4b38-8b82-341da28b1f83,Shoe Thieves,81,0.7690281347370522,-0.6854363333646364,270.43655282133534,False,False,0.10222289543789968,-0.0002019786312712213
454,964,bfd38797-8404-4b38-8b82-341da28b1f83,Shoe Thieves,82,0.8360645849115317,-0.7593671078575212,269.27911059125825,False,False,0.10273454154415616,0.0020360649111319518
455,965,bfd38797-8404-4b38-8b82-341da28b1f83,Shoe Thieves,83,0.8614378730407265,-0.8581980483167801,221.5680820336063,False,False,,-0.0013936027097984638
457,997,9debc64f-74b7-4ae1-a4d6-fce0144b6ea5,Spies,58,0.910680039672794,-0.944514379950362,1185.57163514132,False,False,0.08447429460169747,-0.0028403661788839046
458,998,9debc64f-74b7-4ae1-a4d6-fce0144b6ea5,Spies,59,0.8484109550063019,-0.8699318381657687,1202.47163514132,False,False,0.08635653877634297,0.0048777221191917824
459,999,9debc64f-74b7-4ae1-a4d6-fce0144b6ea5,Spies,60,0.7592138673567015,-0.8147664853459062,1197.47163514132,False,False,0.08661598856077624,0.004780354222172656
460,1000,9debc64f-74b7-4ae1-a4d6-fce0144b6ea5,Spies,61,0.6699841145889563,-0.7598394987916536,1213.47163514132,False,False,0.08712301879330388,0.004565567477869459
461,1001,9debc64f-74b7-4ae1-a4d6-fce0144b6ea5,Spies,62,0.5810198025367256,-0.70489125875576,1229.47163514132,False,False,0.08712002796567132,0.001207527189064056
462,1002,9debc64f-74b7-4ae1-a4d6-fce0144b6ea5,Spies,63,0.502204514479092,-0.6414002048338303,1230.47163514132,False,False,0.08845249640407916,0.0042698405112141374
463,1003,9debc64f-74b7-4ae1-a4d6-fce0144b6ea5,Spies,64,0.4133877276956426,-0.5867762355007864,1241.87163514132,False,False,0.08920853338874511,0.004139011666579512
464,1004,9debc64f-74b7-4ae1-a4d6-fce0144b6ea5,Spies,65,0.3246002836750706,-0.5323545161675479,1243.87163514132,False,False,0.10979506205212873,0.0017818846102411606
465,1005,9debc64f-74b7-4ae1-a4d6-fce0144b6ea5,Spies,66,0.3775335952931469,-0.6192890694588375,1257.9990527996763,False,False,0.08814783742528239,-0.0014037939769262486
466,1006,9debc64f-74b7-4ae1-a4d6-fce0144b6ea5,Spies,67,0.3060784202147087,-0.5513525564731525,1261.807305694143,False,False,0.09038982764154159,-0.012471762253163779
467,1007,9debc64f-74b7-4ae1-a4d6-fce0144b6ea5,Spies,68,0.2746494473357317,-0.4696616018524651,1286.771182814993,False,False,0.09090260341948281,0.003177868391691624
468,1008,9debc64f-74b7-4ae1-a4d6-fce0144b6ea5,Spies,69,0.1880065090048522,-0.4136377340527081,1298.6204890821866,False,False,0.10770368580056032,0.0016360515237748702
469,1009,9debc64f-74b7-4ae1-a4d6-fce0144b6ea5,Spies,70,0.2421420035120811,-0.4996565413206609,1313.7169699047674,False,False,0.09072576697925173,-0.010058293936794097
470,1010,9debc64f-74b7-4ae1-a4d6-fce0144b6ea5,Spies,71,0.1986176197187256,-0.4209473391587229,1333.682658066402,False,False,0.09203613879735126,-0.007255333360768487
471,1011,9debc64f-74b7-4ae1-a4d6-fce0144b6ea5,Spies,72,0.1444566296441243,-0.3456601533688348,1357.2878105644018,False,False,0.09438194103686555,-0.013297198514511083
472,1012,9debc64f-74b7-4ae1-a4d6-fce0144b6ea5,Spies,73,0.1123755715239798,-0.2651109044876441,1361.4281042019434,False,False,0.09509157391510087,-0.0019174966769888585
473,1013,9debc64f-74b7-4ae1-a4d6-fce0144b6ea5,Spies,74,0.0397825073953759,-0.1991531566597437,1354.180835260162,False,False,0.09814239994545985,-0.0213828587114797
474,1014,9debc64f-74b7-4ae1-a4d6-fce0144b6ea5,Spies,75,0.0421241953017495,-0.1205708978341773,1355.7805087469371,False,False,0.10187290503142488,-0.008002866850772311
475,1015,9debc64f-74b7-4ae1-a4d6-fce0144b6ea5,Spies,76,0.1160280096530155,-0.1753586586207831,1360.649472837072,False,False,0.09625974452978885,0.004095498778817819
476,1016,9debc64f-74b7-4ae1-a4d6-fce0144b6ea5,Spies,77,0.0256091684620464,-0.1237805041007426,1372.597656341247,False,False,0.09828212161714195,-0.011508633692202203
477,1017,9debc64f-74b7-4ae1-a4d6-fce0144b6ea5,Spies,78,-0.0164145055094615,-0.0459041101359649,1396.597656341247,False,False,0.10000078213801127,-0.028051005570395637
478,1018,9debc64f-74b7-4ae1-a4d6-fce0144b6ea5,Spies,79,0.0350261684211936,0.0044001129968026,1400.597656341247,False,False,0.10033827798891012,-0.009565112584307811
479,1019,9debc64f-74b7-4ae1-a4d6-fce0144b6ea5,Spies,80,0.1102892623979233,-0.0457390488124945,1402.597656341247,False,False,0.1019211436213202,0.0038705606843507517
480,1020,9debc64f-74b7-4ae1-a4d6-fce0144b6ea5,Spies,81,0.1604291530681331,-0.1367065415803003,1419.0309796234783,False,False,0.10371046422205231,0.003606162412734662
481,1021,9debc64f-74b7-4ae1-a4d6-fce0144b6ea5,Spies,82,0.2106115803164179,-0.2273484793649955,1421.0309796234783,False,False,0.10554921014789165,0.0033629090303696207
482,1022,9debc64f-74b7-4ae1-a4d6-fce0144b6ea5,Spies,83,0.2607656750784439,-0.317727999953579,1422.0309796234783,False,False,,0.0031939931069387
488,1058,b024e975-1c4a-4575-8936-a3754a08806a,Steaks,62,1.0,1.0,1501.943345111736,True,False,5.3971928267254766e-17,0.030408866902234773
490,1060,b024e975-1c4a-4575-8936-a3754a08806a,Steaks,64,1.0,1.0,1520.443345111736,True,False,3.434577253370758e-17,0.031076367016495906
492,1062,b024e975-1c4a-4575-8936-a3754a08806a,Steaks,66,1.0,1.0,1553.818350824797,True,False,1.2266347333466993e-16,0.031696367016496065
493,1063,b024e975-1c4a-4575-8936-a3754a08806a,Steaks,67,0.977587283943658,0.977587283943658,1571.818350824797,False,False,4.415885040048117e-17,0.03203741829630325
499,1069,b024e975-1c4a-4575-8936-a3754a08806a,Steaks,73,1.0,1.0,1637.4084660269618,True,False,0.09999999999999999,0.03283457135219103
500,1070,b024e975-1c4a-4575-8936-a3754a08806a,Steaks,74,0.9060655623959756,0.9060779856565248,1636.808466026962,False,False,0.10000000000015791,0.03285851759679473
501,1071,b024e975-1c4a-4575-8936-a3754a08806a,Steaks,75,0.8121204571720342,0.812132773418325,1641.7285723782666,False,False,0.10000000000015234,0.032938259328759656
502,1072,b024e975-1c4a-4575-8936-a3754a08806a,Steaks,76,0.7181189833906335,0.7181311578987756,1642.9258798397343,False,False,0.09999999999892087,-0.03304464037478616
503,1073,b024e975-1c4a-4575-8936-a3754a08806a,Steaks,77,0.7654642510495502,0.765475067885671,1646.9129664380202,False,False,0.10000000000014424,0.03306246734311366
504,1074,b024e975-1c4a-4575-8936-a3754a08806a,Steaks,78,0.6713749253389888,0.6713856476367978,1652.2320188622066,False,False,0.10000000000016063,0.03308336411628798
505,1075,b024e975-1c4a-4575-8936-a3754a08806a,Steaks,79,0.5772708237911279,0.5772814507251914,1653.1233671556838,False,False,0.10000000000018143,0.03315764126293719
506,1076,b024e975-1c4a-4575-8936-a3754a08806a,Steaks,80,0.483114199986669,0.4831247323220171,1654.168205814397,False,False,0.10000000000014697,0.03351812875161431
507,1077,b024e975-1c4a-4575-8936-a3754a08806a,Steaks,81,0.3887027153658901,0.3887130684396711,1657.8820631468575,False,False,0.09999997225089576,0.03300470466222785
508,1078,b024e975-1c4a-4575-8936-a3754a08806a,Steaks,82,0.3143421172770513,0.2784372645924234,1675.906437580937,False,False,0.09959504782758657,0.010585561668254584
509,1079,b024e975-1c4a-4575-8936-a3754a08806a,Steaks,83,0.2093644962080004,0.3132060080866324,1691.8072592566105,False,False,,0.006195867913041414
511,1111,f02aeae2-5e6a-4098-9842-02d2273f25c7,Sunbeams,58,0.4656264201540839,-0.5068573710317522,437.01098086285646,False,False,0.0964036863170123,-0.0011823804163004076
512,1112,f02aeae2-5e6a-4098-9842-02d2273f25c7,Sunbeams,59,0.4061563384974317,-0.4279382267894336,436.377151096716,False,False,0.09682239867810429,0.0007896817085226299
513,1113,f02aeae2-5e6a-4098-9842-02d2273f25c7,Sunbeams,60,0.3287744998796695,-0.3633579589745669,439.5737648008666,False,False,0.09719911538136526,0.0006138245642954981
514,1114,f02aeae2-5e6a-4098-9842-02d2273f25c7,Sunbeams,61,0.2523407687716893,-0.2979284056949684,458.3922868303375,False,False,0.09761275772872514,-0.00016906882129417988
515,1115,f02aeae2-5e6a-4098-9842-02d2273f25c7,Sunbeams,62,0.1814927115296687,-0.2275951446797214,469.5520243497838,False,False,0.09815514567266073,-0.0025671927350351675
516,1116,f02aeae2-5e6a-4098-9842-02d2273f25c7,Sunbeams,63,0.1297450375371578,-0.1450401317011227,485.5362954068163,False,False,0.09874484731485908,0.0003372376759156054
517,1117,f02aeae2-5e6a-4098-9842-02d2273f25c7,Sunbeams,64,0.0540004704253524,-0.0792349509211994,508.5142407562554,False,False,0.09938894323012933,-0.0012118393390892074
518,1118,f02aeae2-5e6a-4098-9842-02d2273f25c7,Sunbeams,65,-0.0104107411405088,-0.0043330383195589,507.6445113012768,False,False,0.10000674304898441,-0.010158851199173438
519,1119,f02aeae2-5e6a-4098-9842-02d2273f25c7,Sunbeams,66,0.0343134301974422,0.07358474216722,508.43403557717886,False,False,0.09982125052600009,0.0022350271395259746
520,1120,f02aeae2-5e6a-4098-9842-02d2273f25c7,Sunbeams,67,0.0858046394197479,-0.014736581119087,524.2357829963909,False,False,0.09956859596434078,-0.004121134238156424
521,1121,f02aeae2-5e6a-4098-9842-02d2273f25c7,Sunbeams,68,0.0447073855034826,0.071887737754539,543.1587301849692,False,False,0.0998736504509386,0.0020238776731166253
522,1122,f02aeae2-5e6a-4098-9842-02d2273f25c7,Sunbeams,69,0.0979977699216936,-0.0151122998547538,542.9514451559565,False,False,0.10055002052053456,0.0008953080491588133
523,1123,f02aeae2-5e6a-4098-9842-02d2273f25c7,Sunbeams,70,0.1586158934853089,-0.0957677787880595,554.8837640770408,False,False,0.10128859553983728,0.0007758112397600603
524,1124,f02aeae2-5e6a-4098-9842-02d2273f25c7,Sunbeams,71,0.2194689218076516,-0.1760963109234839,565.6984811137737,False,False,0.10176640429898608,-0.004222641281077438
525,1125,f02aeae2-5e6a-4098-9842-02d2273f25c7,Sunbeams,72,0.3037465703870504,-0.2215999414720515,586.5687037798085,False,False,0.10271810103896879,0.0018982181738165793
526,1126,f02aeae2-5e6a-4098-9842-02d2273f25c7,Sunbeams,73,0.3565331908549266,-0.3087596773974151,588.6586863781357,False,False,0.10070570056781646,0.012615734626113734
527,1127,f02aeae2-5e6a-4098-9842-02d2273f25c7,Sunbeams,74,0.277313579850418,-0.3888006476418694,616.296479076856,False,False,0.10390141611781395,0.0033897609125695533
528,1128,f02aeae2-5e6a-4098-9842-02d2273f25c7,Sunbeams,75,0.3198688068553673,-0.4830264154345254,631.3089701210524,False,False,0.10462414678887214,0.00019506204529409765
529,1129,f02aeae2-5e6a-4098-9842-02d2273f25c7,Sunbeams,76,0.3817395586210361,-0.5618366973412114,641.6504627816038,False,False,0.10553169602556177,0.001597738269469795
530,1130,f02aeae2-5e6a-4098-9842-02d2273f25c7,Sunbeams,77,0.4349519440605007,-0.6483846173469143,642.6010026340285,False,False,0.10618827893197114,-0.00014843317899854158
531,1131,f02aeae2-5e6a-4098-9842-02d2273f25c7,Sunbeams,78,0.497322668844718,-0.7263604346654929,654.806874744338,False,False,0.10694252815648798,-0.00042465662566065765
532,1132,f02aeae2-5e6a-4098-9842-02d2273f25c7,Sunbeams,79,0.5603150710002616,-0.8034785666371107,669.9552800771854,False,False,0.10745277174562917,-0.0012140006578658935
533,1133,f02aeae2-5e6a-4098-9842-02d2273f25c7,Sunbeams,80,0.626314418235524,-0.8769820347902759,691.3707378681651,False,False,0.10690919681834782,-0.004739026569933094
538,1168,878c1bf6-0d21-4659-bfee-916c8314d69c,Tacos,58,0.9142937277359594,-0.9414597485937936,1010.600833735362,False,False,0.0882615531269229,0.003773061434669822
539,1169,878c1bf6-0d21-4659-bfee-916c8314d69c,Tacos,59,0.8282330581818605,-0.8834734619785605,1005.435918210958,False,False,0.08869892848509253,0.00401801067101315
540,1170,878c1bf6-0d21-4659-bfee-916c8314d69c,Tacos,60,0.7408765556852284,-0.8270058782201695,1003.435918210958,False,False,0.0885219220602785,0.0023647944179470276
541,1171,878c1bf6-0d21-4659-bfee-916c8314d69c,Tacos,61,0.6592637659226378,-0.7652166907890683,1003.435918210958,False,False,0.0885339143565839,-0.002362559062295891
542,1172,878c1bf6-0d21-4659-bfee-916c8314d69c,Tacos,62,0.5963344620806181,-0.6905643459442985,1017.435918210958,False,False,0.08984347711108093,0.0028845046182459227
543,1173,878c1bf6-0d21-4659-bfee-916c8314d69c,Tacos,63,0.5119593083437577,-0.6316911370762316,1016.435918210958,False,False,0.09037943489009059,0.0031087605317513117
544,1174,878c1bf6-0d21-4659-bfee-916c8314d69c,Tacos,64,0.4264133244787024,-0.5741298554456621,1023.435918210958,False,False,0.09103697394281139,0.003096521177648137
545,1175,878c1bf6-0d21-4659-bfee-916c8314d69c,Tacos,65,0.3405375963188334,-0.5170838039438663,1042.435918210958,False,False,0.09176181647222803,-0.0065705701944203665
546,1176,878c1bf6-0d21-4659-bfee-916c8314d69c,Tacos,66,0.2925950041663357,-0.4368929926778927,1056.435918210958,False,False,0.09285411194539578,0.0020999055019662316
547,1177,878c1bf6-0d21-4659-bfee-916c8314d69c,Tacos,67,0.2094238453254231,-0.377673493857233,1073.435918210958,False,False,0.09402408554199072,0.0021248802221388446
548,1178,878c1bf6-0d21-4659-bfee-916c8314d69c,Tacos,68,0.1257454318605083,-0.3191293713479582,1077.435918210958,False,False,0.09532013868776003,0.00246336103834853
549,1179,878c1bf6-0d21-4659-bfee-916c8314d69c,Tacos,69,0.0404906444738027,-0.2622931013883401,1078.435918210958,False,False,0.09669355421521565,0.0011767781310194902
550,1180,878c1bf6-0d21-4659-bfee-916c8314d69c,Tacos,70,-0.0407157384199795,-0.2019419306434243,1078.435918210958,False,False,0.09993896672275845,-0.021648698507770403
551,1181,878c1bf6-0d21-4659-bfee-916c8314d69c,Tacos,71,0.0150530986637428,-0.1469077298601341,1079.435918210958,False,False,0.09830531354937733,-0.0019688858825421957
552,1182,878c1bf6-0d21-4659-bfee-916c8314d69c,Tacos,72,-0.0551611930741644,-0.0784968201245218,1082.435918210958,False,False,0.09999104532219008,-0.022014726371864413
553,1183,878c1bf6-0d21-4659-bfee-916c8314d69c,Tacos,73,-0.0022201422885038,-0.0212347205772184,1096.435918210958,False,False,0.09989039349017247,-0.017194646534635732
554,1184,878c1bf6-0d21-4659-bfee-916c8314d69c,Tacos,74,8.70579255786e-05,0.0615384839620288,1101.435918210958,False,False,0.099410552653018,0.002265509585717751
555,1185,878c1bf6-0d21-4659-bfee-916c8314d69c,Tacos,75,0.0559158011893307,-0.0241434037180205,1104.435918210958,False,False,0.10011521110624617,-0.021941620752240765
556,1186,878c1bf6-0d21-4659-bfee-916c8314d69c,Tacos,76,0.1213998447698102,0.0183413065568169,1102.435918210958,False,False,0.1009571845352291,0.0023889955889317277
557,1187,878c1bf6-0d21-4659-bfee-916c8314d69c,Tacos,77,0.1761185243279404,-0.068199854315481,1115.435918210958,False,False,0.10228167931524204,0.0022091188701306996
558,1188,878c1bf6-0d21-4659-bfee-916c8314d69c,Tacos,78,0.2308193314074803,-0.1545394494329905,1113.1637174995683,False,False,0.10361558717965083,0.0021716275451555273
559,1189,878c1bf6-0d21-4659-bfee-916c8314d69c,Tacos,79,0.2850354139294013,-0.2411400145073723,1107.5735229804404,False,False,0.1047702038194995,-0.0016573481774440207
560,1190,878c1bf6-0d21-4659-bfee-916c8314d69c,Tacos,80,0.3500510302171554,-0.3149251539747203,1106.0704700255292,False,False,0.10620791353426051,0.003861510650387534
561,1191,878c1bf6-0d21-4659-bfee-916c8314d69c,Tacos,81,0.3971461357809797,-0.4074954754957824,1105.6240440886531,False,False,0.09262394912540961,0.0028998343040568253
562,1192,878c1bf6-0d21-4659-bfee-916c8314d69c,Tacos,82,0.3114426819693601,-0.3505455509606091,1104.6992298669647,False,False,0.10636673911938839,0.0016361983912867445
563,1193,878c1bf6-0d21-4659-bfee-916c8314d69c,Tacos,83,0.3661948488987842,-0.4361733329006166,1099.8809540727211,False,False,,0.001058542857601416
579,1239,747b8e4a-7e50-4638-a973-ea7950a3e739,Tigers,72,1.0,1.0,1500.721367690716,True,False,0.09999999999999996,0.03333506870565911
580,1240,747b8e4a-7e50-4638-a973-ea7950a3e739,Tigers,73,0.9057178687482542,0.9057178687482542,1504.721367690716,False,False,0.09999999999999998,0.03349786280520348
581,1241,747b8e4a-7e50-4638-a973-ea7950a3e739,Tigers,74,0.8113211736425925,0.8113200757301668,1666.7534352829573,False,False,0.09999999966328481,0.03387565247863386
582,1242,747b8e4a-7e50-4638-a973-ea7950a3e739,Tigers,75,0.7139135162041712,0.7194808760443077,1674.8931402979822,False,False,0.10000004248068493,0.03415531439135383
583,1243,747b8e4a-7e50-4638-a973-ea7950a3e739,Tigers,76,0.6190760360744405,0.6245940975022688,1694.764264844149,False,False,0.09999919896541737,0.03409152435961085
584,1244,747b8e4a-7e50-4638-a973-ea7950a3e739,Tigers,77,0.525512665051286,0.52853977689217,1707.765719567701,False,False,0.10000001647462527,0.03419531439135404
585,1245,747b8e4a-7e50-4638-a973-ea7950a3e739,Tigers,78,0.4306358956814483,0.4336357146053692,1704.765719567701,False,False,0.09999664778082647,0.03442521209927038
586,1246,747b8e4a-7e50-4638-a973-ea7950a3e739,Tigers,79,0.3435346074310701,0.3312467345681681,1709.765719567701,False,False,0.10000004470349741,0.03471877736553708
587,1247,747b8e4a-7e50-4638-a973-ea7950a3e739,Tigers,80,0.2480499553167655,0.2362107930224804,1728.765719567701,False,False,0.09997036344062456,0.03424940574435123
588,1248,747b8e4a-7e50-4638-a973-ea7950a3e739,Tigers,81,0.1396282569295222,0.1570423759514218,1735.942493805611,False,False,0.09999490521632678,0.03210998152730593
589,1249,747b8e4a-7e50-4638-a973-ea7950a3e739,Tigers,82,0.0482972773529124,0.0615871540475259,1740.2385915903087,False,False,0.10018204696894135,0.0064906571834353055
590,1250,747b8e4a-7e50-4638-a973-ea7950a3e739,Tigers,83,-0.0484569890915955,0.1060716681186621,1605.976689910042,False,False,,0.004982071016837883
605,1295,57ec08cc-0411-4643-b304-0e80dbc15ac7,Wild Wings,71,-1.0,-1.0,1379.116478904064,True,False,,-0.027858579952005608
628,1348,bb4a9de5-c924-4923-a0cb-9d1445f1ee5d,Worms,67,-1.0,-1.0,1874.0178037708804,True,False,,-0.03806465993350822
631,1351,bb4a9de5-c924-4923-a0cb-9d1445f1ee5d,Worms,70,-1.0,-1.0,1925.0099650302984,True,False,,-0.039154070555038695
635,1355,bb4a9de5-c924-4923-a0cb-9d1445f1ee5d,Worms,74,-1.0,-1.0,1984.4398792457728,True,False,,-0.04055321828890408
637,1357,bb4a9de5-c924-4923-a0cb-9d1445f1ee5d,Worms,76,-1.0,-1.0,2027.660914445207,True,False,,-0.04121321828890408
646,1366,d6a352fc-b675-40a0-864d-f4fd50aaeea0,Artists,73,0.9301803866205348,0.9720771197390066,0.0,False,False,0.09999420792443856,6.752720489178188e-05
647,1367,d6a352fc-b675-40a0-864d-f4fd50aaeea0,Artists,74,0.9932216480258016,0.8943641262222556,0.0,False,False,0.10000014519015482,0.0006599999999999384
648,1368,d6a352fc-b675-40a0-864d-f4fd50aaeea0,Artists,75,0.921723528826073,0.8235089602080446,33.0,False,False,1.4322583884407469e-05,0.000660000000000076
649,1369,d6a352fc-b675-40a0-864d-f4fd50aaeea0,Artists,76,0.92125473527678,0.8230443823263699,33.0,False,False,1.43261525783291e-05,0.0006599999999999971
650,1370,d6a352fc-b675-40a0-864d-f4fd50aaeea0,Artists,77,0.9207859417274872,0.8225798044446951,33.0,False,False,1.4329723050770346e-05,0.0006599999999999182
651,1371,d6a352fc-b675-40a0-864d-f4fd50aaeea0,Artists,78,0.9203171481781944,0.8221152265630204,33.0,False,False,1.4333295302906134e-05,0.0006599999999999971
652,1372,d6a352fc-b675-40a0-864d-f4fd50aaeea0,Artists,79,0.9198483546289016,0.8216506486813456,33.0,False,False,1.4336869336376657e-05,0.0006599999999999182
653,1373,d6a352fc-b675-40a0-864d-f4fd50aaeea0,Artists,80,0.9193795610796088,0.8211860707996709,33.0,False,False,1.4340445152204947e-05,0.0006599999999999971
654,1374,d6a352fc-b675-40a0-864d-f4fd50aaeea0,Artists,81,0.918910767530316,0.8207214929179961,33.0,False,False,1.4344022751879348e-05,0.000660000000000076
655,1375,d6a352fc-b675-40a0-864d-f4fd50aaeea0,Artists,82,0.918441973981023,0.8202569150363214,33.0,False,False,1.4347602136889117e-05,0.0006599999999999971
656,1376,d6a352fc-b675-40a0-864d-f4fd50aaeea0,Artists,83,0.9179731804317302,0.8197923371546466,33.0,False,False,,0.000660000000000076
658,1378,258f6389-aac1-43d2-b30a-4b4dde90d5eb,Boar,73,0.915408263508784,0.918625664975816,0.0,False,False,0.1000000032853465,0.012232548955213432
659,1379,258f6389-aac1-43d2-b30a-4b4dde90d5eb,Boar,74,0.8360595622576888,0.8392535750779884,0.0,False,False,8.828079894186545e-06,0.012232548955213397
660,1380,258f6389-aac1-43d2-b30a-4b4dde90d5eb,Boar,75,0.8274111186321773,0.8306025822564654,611.6274477606712,False,False,8.869829527503488e-06,0.012232548955213397
661,1381,258f6389-aac1-43d2-b30a-4b4dde90d5eb,Boar,76,0.8187626750066658,0.8219515894349425,611.6274477606712,False,False,8.911975920670025e-06,0.012232548955213397
662,1382,258f6389-aac1-43d2-b30a-4b4dde90d5eb,Boar,77,0.8101142313811542,0.8133005966134196,611.6274477606712,False,False,8.954524756485055e-06,0.012232548955213397
663,1383,258f6389-aac1-43d2-b30a-4b4dde90d5eb,Boar,78,0.8014657877556427,0.8046496037918967,611.6274477606712,False,False,8.997481826801583e-06,0.012232548955213397
664,1384,258f6389-aac1-43d2-b30a-4b4dde90d5eb,Boar,79,0.7928173441301312,0.7959986109703737,611.6274477606712,False,False,9.040853035141903e-06,0.012232548955213397
665,1385,258f6389-aac1-43d2-b30a-4b4dde90d5eb,Boar,80,0.7841689005046196,0.7873476181488508,611.6274477606712,False,False,9.084644399408466e-06,0.012232548955213397
666,1386,258f6389-aac1-43d2-b30a-4b4dde90d5eb,Boar,81,0.7755204568791081,0.7786966253273279,611.6274477606712,False,False,9.128862054669567e-06,0.012232548955213397
667,1387,258f6389-aac1-43d2-b30a-4b4dde90d5eb,Boar,82,0.7668720132535966,0.7700456325058049,611.6274477606712,False,False,9.17351225601988e-06,0.012232548955213397
668,1388,258f6389-aac1-43d2-b30a-4b4dde90d5eb,Boar,83,0.758223569628085,0.761394639684282,611.6274477606712,False,False,,-0.012232548246298477
670,1390,55c9fee3-79c8-4467-8dfb-ff1e340aae8c,Cows,73,0.9132429728907066,0.909071933546909,0.0,False,False,1.0682793259751159e-05,0.011868491891985723
671,1391,55c9fee3-79c8-4467-8dfb-ff1e340aae8c,Cows,74,0.9048490778722016,0.9006812466734493,0.0,False,False,1.0729910497888161e-05,0.011868491891985645
672,1392,55c9fee3-79c8-4467-8dfb-ff1e340aae8c,Cows,75,0.8964551828536969,0.8922905597999895,593.424594599285,False,False,1.0777445204883076e-05,0.011868491891985723
673,1393,55c9fee3-79c8-4467-8dfb-ff1e340aae8c,Cows,76,0.888061287835192,0.8838998729265297,593.424594599285,False,False,1.0825402954116657e-05,0.011868491891985723
674,1394,55c9fee3-79c8-4467-8dfb-ff1e340aae8c,Cows,77,0.8796673928166872,0.8755091860530699,593.424594599285,False,False,1.0873789418142235e-05,0.011868491891985723
675,1395,55c9fee3-79c8-4467-8dfb-ff1e340aae8c,Cows,78,0.8712734977981823,0.8671184991796101,593.424594599285,False,False,1.0922610371463831e-05,0.011868491891985723
676,1396,55c9fee3-79c8-4467-8dfb-ff1e340aae8c,Cows,79,0.8628796027796775,0.8587278123061504,593.424594599285,False,False,1.0971871692761296e-05,0.011868491891985723
677,1397,55c9fee3-79c8-4467-8dfb-ff1e340aae8c,Cows,80,0.8544857077611726,0.8503371254326906,593.424594599285,False,False,0.09999999088396698,-0.011868490716092195
678,1398,55c9fee3-79c8-4467-8dfb-ff1e340aae8c,Cows,81,0.9167864548142748,0.9126731490890396,593.424594599285,False,False,1.0511830262219444e-05,0.011868491891985754
679,1399,55c9fee3-79c8-4467-8dfb-ff1e340aae8c,Cows,82,0.9083925825120348,0.904282439490691,593.424594599285,False,False,1.0558106575326743e-05,0.011868491891985597
680,1400,55c9fee3-79c8-4467-8dfb-ff1e340aae8c,Cows,83,0.8999987102097952,0.8958917298923422,593.424594599285,False,False,,-0.011868490737705018
682,1402,9494152b-99f6-4adb-9573-f9e084bc813f,Crabs Old,73,0.9409963683144168,0.98888403641735,0.0,False,False,0.1000006828496663,0.01217211810934625
683,1403,9494152b-99f6-4adb-9573-f9e084bc813f,Crabs Old,74,0.8618520954090376,0.9093933567912706,0.0,False,False,0.0001268561845376376,0.012172118109346312
684,1404,9494152b-99f6-4adb-9573-f9e084bc813f,Crabs Old,75,0.8532639234664918,0.9007675952623884,608.6059054673186,False,False,0.00012743781654537861,0.01217211810934647
685,1405,9494152b-99f6-4adb-9573-f9e084bc813f,Crabs Old,76,0.844675751523946,0.8921418337335059,608.6059054673186,False,False,0.00012802480643031862,0.01217211810934639
686,1406,9494152b-99f6-4adb-9573-f9e084bc813f,Crabs Old,77,0.8360875795814002,0.8835160722046235,608.6059054673186,False,False,0.00012861722856512758,0.01217211810934639
687,1407,9494152b-99f6-4adb-9573-f9e084bc813f,Crabs Old,78,0.8274994076388544,0.8748903106757411,608.6059054673186,False,False,0.000129215158705701,0.01217211810934639
688,1408,9494152b-99f6-4adb-9573-f9e084bc813f,Crabs Old,79,0.8189112356963086,0.8662645491468587,608.6059054673186,False,False,0.00012981867402299418,0.01217211810934639
689,1409,9494152b-99f6-4adb-9573-f9e084bc813f,Crabs Old,80,0.8103230637537628,0.8576387876179763,608.6059054673186,False,False,0.09999876483217623,-0.012171960792875344
690,1410,9494152b-99f6-4adb-9573-f9e084bc813f,Crabs Old,81,0.8726278408832109,0.9195409621986648,608.6059054673186,False,False,0.00012437019282902548,0.012172118109346462
691,1411,9494152b-99f6-4adb-9573-f9e084bc813f,Crabs Old,82,0.8640394022311667,0.9109154662252176,608.6059054673186,False,False,0.10012452371361319,0.001777430045821718
692,1412,9494152b-99f6-4adb-9573-f9e084bc813f,Crabs Old,83,0.778752995136274,0.9664571085449796,608.6059054673186,False,False,,0.0018761970257984845
694,1414,b6b5df8f-5602-4883-b47d-07e77ed9d5af,Excavators,73,0.944951078744628,0.96920723487244,0.0,False,False,5.7017081682513265e-05,0.01120162117086158
695,1415,b6b5df8f-5602-4883-b47d-07e77ed9d5af,Excavators,74,0.9370391085446416,0.961277730196231,0.0,False,False,5.7248774471005297e-05,0.011201621170861502
698,1418,b6b5df8f-5602-4883-b47d-07e77ed9d5af,Excavators,77,0.7593676587940845,1.0,560.0810585430823,True,False,0.0005920844012854088,0.01120162117086163
699,1419,b6b5df8f-5602-4883-b47d-07e77ed9d5af,Excavators,78,0.7515349892936778,0.9919921535134036,560.0810585430823,False,False,0.0005945830221050186,0.01120162117086171
700,1420,b6b5df8f-5602-4883-b47d-07e77ed9d5af,Excavators,79,0.7437023197932711,0.9839843070268072,560.0810585430823,False,False,0.0005971027982826083,0.01120162117086179
701,1421,b6b5df8f-5602-4883-b47d-07e77ed9d5af,Excavators,80,0.7358696502928643,0.9759764605402106,560.0810585430823,False,False,0.000599643999347434,0.01120162117086179
702,1422,b6b5df8f-5602-4883-b47d-07e77ed9d5af,Excavators,81,0.7280369807924576,0.967968614053614,560.0810585430823,False,False,0.0006022068994218294,0.01120162117086163
703,1423,b6b5df8f-5602-4883-b47d-07e77ed9d5af,Excavators,82,0.7202043112920509,0.9599607675670176,560.0810585430823,False,False,0.0006047917773189103,0.01120162117086171
704,1424,b6b5df8f-5602-4883-b47d-07e77ed9d5af,Excavators,83,0.7123716417916441,0.9519529210804212,560.0810585430823,False,False,,0.01120162117086163
706,1426,54d0d0f2-16e0-42a0-9fff-79cfa7c4a157,Fireballs,73,0.9392333456924482,0.9093155460388288,0.0,False,False,0.0999320375198171,0.001904521127276751
708,1428,54d0d0f2-16e0-42a0-9fff-79cfa7c4a157,Fireballs,75,0.7622347615608004,1.0,535.0972985799044,True,False,0.0005584581606587602,0.01070194597159819
709,1429,54d0d0f2-16e0-42a0-9fff-79cfa7c4a157,Fireballs,76,0.7547504681805577,0.9923503594739712,535.0972985799044,False,False,0.10005486290332619,0.010678930664877448
710,1430,54d0d0f2-16e0-42a0-9fff-79cfa7c4a157,Fireballs,77,0.6725696128627283,0.9182144524359458,535.0972985799044,False,False,0.09947978156141973,-0.005383488206753953
711,1431,54d0d0f2-16e0-42a0-9fff-79cfa7c4a157,Fireballs,78,0.7630952963387374,0.8906938249881043,535.0972985799044,False,False,0.10030990415407409,0.001387721385390825
719,1439,cbd44c06-231a-4d1a-bb7d-4170b06e566a,Heartthrobs,74,1.0,0.826771023653227,0.0,True,False,0.10000860070774284,0.011127194415340658
720,1440,cbd44c06-231a-4d1a-bb7d-4170b06e566a,Heartthrobs,75,0.920800058064984,0.7488183294334951,556.3597207670318,False,False,0.0004327731913831142,0.011127194415340538
721,1441,cbd44c06-231a-4d1a-bb7d-4170b06e566a,Heartthrobs,76,0.9128697476109936,0.7410129062124189,556.3597207670318,False,False,0.0004346342581966949,0.011127194415340696
722,1442,cbd44c06-231a-4d1a-bb7d-4170b06e566a,Heartthrobs,77,0.904939437157003,0.7332074829913426,556.3597207670318,False,False,0.1000095142636485,0.011127194415340574
723,1443,cbd44c06-231a-4d1a-bb7d-4170b06e566a,Heartthrobs,78,0.825739495221987,0.6552547887716109,556.3597207670318,False,False,0.0004561873846806974,0.011127194415340618
724,1444,cbd44c06-231a-4d1a-bb7d-4170b06e566a,Heartthrobs,79,0.8178091847679965,0.6474493655505347,556.3597207670318,False,False,0.0004582556257877693,0.011127194415340618
725,1445,cbd44c06-231a-4d1a-bb7d-4170b06e566a,Heartthrobs,80,0.809878874314006,0.6396439423294584,556.3597207670318,False,False,0.10001058142630072,0.011127194415340574
726,1446,cbd44c06-231a-4d1a-bb7d-4170b06e566a,Heartthrobs,81,0.73067893237899,0.5616912481097267,556.3597207670318,False,False,0.00048227814359574016,0.011127194415340618
727,1447,cbd44c06-231a-4d1a-bb7d-4170b06e566a,Heartthrobs,82,0.7227486219249994,0.5538858248886505,556.3597207670318,False,False,0.0004845901541300942,0.011127194415340618
728,1448,cbd44c06-231a-4d1a-bb7d-4170b06e566a,Heartthrobs,83,0.7148183114710089,0.5460804016675742,556.3597207670318,False,False,,0.011127194415340618
730,1450,4c192065-65d8-4010-8145-395f82d24ddf,Hedgehogs,73,0.914160538908463,0.9070875343256936,,False,False,0.1000000171388949,0.013010986180977999
731,1451,4c192065-65d8-4010-8145-395f82d24ddf,Hedgehogs,74,0.8342238066260759,0.8272026056494335,0.0,False,False,2.073271033682821e-05,0.013010986180978106
732,1452,4c192065-65d8-4010-8145-395f82d24ddf,Hedgehogs,75,0.8250206684691084,0.8180054316560064,650.5493090489032,False,False,2.083742751463558e-05,0.013010986180978106
733,1453,4c192065-65d8-4010-8145-395f82d24ddf,Hedgehogs,76,0.8158175303121409,0.8088082576625792,650.5493090489032,False,False,2.0943207876492217e-05,0.013010986180978106
734,1454,4c192065-65d8-4010-8145-395f82d24ddf,Hedgehogs,77,0.8066143921551734,0.7996110836691521,650.5493090489032,False,False,2.1050067696616542e-05,0.013010986180978106
735,1455,4c192065-65d8-4010-8145-395f82d24ddf,Hedgehogs,78,0.7974112539982059,0.790413909675725,650.5493090489032,False,False,2.1158023583078534e-05,0.013010986180978106
736,1456,4c192065-65d8-4010-8145-395f82d24ddf,Hedgehogs,79,0.7882081158412384,0.7812167356822979,650.5493090489032,False,False,2.1267092486397296e-05,0.013010986180978106
737,1457,4c192065-65d8-4010-8145-395f82d24ddf,Hedgehogs,80,0.7790049776842709,0.7720195616888708,650.5493090489032,False,False,2.1377291708425656e-05,0.013010986180978106
738,1458,4c192065-65d8-4010-8145-395f82d24ddf,Hedgehogs,81,0.7698018395273034,0.7628223876954436,650.5493090489032,False,False,0.09997851137597161,0.000847405623577796
739,1459,4c192065-65d8-4010-8145-395f82d24ddf,Hedgehogs,82,0.6898861211489786,0.8243339896668012,650.5493090489032,False,False,0.09998858191549632,-0.013009618787908184
740,1460,4c192065-65d8-4010-8145-395f82d24ddf,Hedgehogs,83,0.7519667134274303,0.8852710595486203,650.5493090489032,False,False,,0.013010986180978049
742,1462,88151292-6c12-4fb8-b2d6-3e64821293b3,Immortals,73,0.9347553254891344,0.9725859658531948,0.0,False,False,0.10006068189681029,0.009773534661270733
743,1463,88151292-6c12-4fb8-b2d6-3e64821293b3,Immortals,74,0.8268138443715488,0.9526143468359214,0.0,False,False,0.10000515866371436,0.01216645612107925
744,1464,88151292-6c12-4fb8-b2d6-3e64821293b3,Immortals,75,0.7479596229490346,0.8728438908850426,608.3228060539664,False,False,0.10000562018236817,0.01216645612107932
745,1465,88151292-6c12-4fb8-b2d6-3e64821293b3,Immortals,76,0.6691054015265203,0.7930734349341637,608.3228060539664,False,False,0.09991923399886068,0.011855622197406976
746,1466,88151292-6c12-4fb8-b2d6-3e64821293b3,Immortals,77,0.6091548378626325,0.6986403362158056,608.3228060539664,False,False,0.10000356136706538,0.012166456121079292
747,1467,88151292-6c12-4fb8-b2d6-3e64821293b3,Immortals,78,0.5301749630293155,0.6189942864074466,608.3228060539664,False,False,0.10000392897622778,0.012166456121079333
748,1468,88151292-6c12-4fb8-b2d6-3e64821293b3,Immortals,79,0.4511950881959986,0.5393482365990876,608.3228060539664,False,False,0.10000435657520713,0.01216645612107925
749,1469,88151292-6c12-4fb8-b2d6-3e64821293b3,Immortals,80,0.3722152133626817,0.4597021867907286,608.3228060539664,False,False,0.10000485796130333,0.012166456121079292
750,1470,88151292-6c12-4fb8-b2d6-3e64821293b3,Immortals,81,0.2932353385293648,0.3800561369823696,608.3228060539664,False,False,0.10000545113820247,0.012166456121079375
751,1471,88151292-6c12-4fb8-b2d6-3e64821293b3,Immortals,82,0.2142554636960478,0.3004100871740106,608.3228060539664,False,False,0.1003651106227669,0.0015165685633670156
752,1472,88151292-6c12-4fb8-b2d6-3e64821293b3,Immortals,83,0.1302704732892386,0.3574375812382684,608.3228060539664,False,False,,0.01216645612090414
754,1474,1e04e5cc-80a6-41c0-af0d-7292817eed79,Lobsters,73,0.9942054022831738,0.9895533914453376,0.0,False,False,0.10000000615152635,0.01201442473622033
755,1475,1e04e5cc-80a6-41c0-af0d-7292817eed79,Lobsters,74,0.9149824838202992,0.9103639948116272,0.0,False,False,0.1000000066715596,0.01201442473622033
756,1476,1e04e5cc-80a6-41c0-af0d-7292817eed79,Lobsters,75,0.8357595653574245,0.8311745981779171,600.7212368110164,False,False,1.24798926739474e-05,0.0120144247362203
757,1477,1e04e5cc-80a6-41c0-af0d-7292817eed79,Lobsters,76,0.8272622866051804,0.8226809149045095,600.7212368110164,False,False,1.2537988143158288e-05,0.0120144247362203
758,1478,1e04e5cc-80a6-41c0-af0d-7292817eed79,Lobsters,77,0.8187650078529364,0.8141872316311018,600.7212368110164,False,False,1.2596627025226316e-05,0.0120144247362203
759,1479,1e04e5cc-80a6-41c0-af0d-7292817eed79,Lobsters,78,0.8102677291006923,0.8056935483576942,600.7212368110164,False,False,0.10000000746657327,0.01201442473622033
760,1480,1e04e5cc-80a6-41c0-af0d-7292817eed79,Lobsters,79,0.7310448106378177,0.726504151723984,600.7212368110164,False,False,0.10000000816642828,0.01201442473622033
761,1481,1e04e5cc-80a6-41c0-af0d-7292817eed79,Lobsters,80,0.651821892174943,0.6473147550902737,600.7212368110164,False,False,1.3871186378766326e-05,0.0120144247362203
762,1482,1e04e5cc-80a6-41c0-af0d-7292817eed79,Lobsters,81,0.643324613422699,0.6388210718168661,600.7212368110164,False,False,1.3942994436141136e-05,0.0120144247362203
763,1483,1e04e5cc-80a6-41c0-af0d-7292817eed79,Lobsters,82,0.6348273346704549,0.6303273885434585,600.7212368110164,False,False,1.4015549830729857e-05,0.0120144247362203
764,1484,1e04e5cc-80a6-41c0-af0d-7292817eed79,Lobsters,83,0.6263300559182109,0.6218337052700509,600.7212368110164,False,False,,0.0120144247362203
767,1487,1a51664e-efec-45fa-b0ba-06d04c344628,Psychics,74,1.0,0.8244219422027604,0.0,True,False,0.10000957964382295,0.011958128959252856
768,1488,1a51664e-efec-45fa-b0ba-06d04c344628,Psychics,75,0.9201993347904616,0.7458950266121691,597.9064479626459,False,False,0.0004718889167452068,0.011958128959252873
769,1489,1a51664e-efec-45fa-b0ba-06d04c344628,Psychics,76,0.911675910413147,0.7375076500801228,597.9064479626459,False,False,0.09998297828613643,-0.011955815202991896
770,1490,1a51664e-efec-45fa-b0ba-06d04c344628,Psychics,77,0.9731229891248644,0.8005634586497202,597.9064479626459,False,False,0.0004516345418910601,0.011958128959252934
771,1491,1a51664e-efec-45fa-b0ba-06d04c344628,Psychics,78,0.964600570273218,0.7921750604043324,597.9064479626459,False,False,0.0004536647376931192,0.011958128959252934
772,1492,1a51664e-efec-45fa-b0ba-06d04c344628,Psychics,79,0.9560781514215716,0.7837866621589445,597.9064479626459,False,False,0.0004557132582711919,0.011958128959252934
773,1493,1a51664e-efec-45fa-b0ba-06d04c344628,Psychics,80,0.9475557325699252,0.7753982639135567,597.9064479626459,False,False,0.0004577803527151179,0.011958128959252934
774,1494,1a51664e-efec-45fa-b0ba-06d04c344628,Psychics,81,0.9390333137182788,0.7670098656681689,597.9064479626459,False,False,0.10000962460296679,0.01195812705278286
775,1495,1a51664e-efec-45fa-b0ba-06d04c344628,Psychics,82,0.8592001631298307,0.6885159787705942,597.9064479626459,False,False,0.09952245052266452,0.0016946513637793176
776,1496,1a51664e-efec-45fa-b0ba-06d04c344628,Psychics,83,0.7748479526545824,0.7453183264680269,597.9064479626459,False,False,,0.011958128959252926
778,1498,4cd14d96-f817-41a3-af6c-2d3ed0dd20b7,Saltines,73,0.9973808950650246,0.9947498451773402,0.0,False,False,0.1000000018632089,0.011487044589993542
779,1499,4cd14d96-f817-41a3-af6c-2d3ed0dd20b7,Saltines,74,0.9185382190934792,0.9159260317891444,0.0,False,False,0.10000000201958313,0.011487044589993861
780,1500,4cd14d96-f817-41a3-af6c-2d3ed0dd20b7,Saltines,75,0.8396955431219336,0.8371022184009485,574.3522294996867,False,False,6.727795020584427e-06,0.01148704458999374
781,1501,4cd14d96-f817-41a3-af6c-2d3ed0dd20b7,Saltines,76,0.8315720043034972,0.8289806230848876,574.3522294996867,False,False,6.757652232776069e-06,0.01148704458999374
782,1502,4cd14d96-f817-41a3-af6c-2d3ed0dd20b7,Saltines,77,0.8234484654850608,0.8208590277688268,574.3522294996867,False,False,6.78777563227538e-06,0.01148704458999374
783,1503,4cd14d96-f817-41a3-af6c-2d3ed0dd20b7,Saltines,78,0.8153249266666244,0.812737432452766,574.3522294996867,False,False,6.818168794741864e-06,0.01148704458999374
784,1504,4cd14d96-f817-41a3-af6c-2d3ed0dd20b7,Saltines,79,0.807201387848188,0.8046158371367051,574.3522294996867,False,False,6.848835360173297e-06,0.01148704458999374
785,1505,4cd14d96-f817-41a3-af6c-2d3ed0dd20b7,Saltines,80,0.7990778490297515,0.7964942418206443,574.3522294996867,False,False,6.879779034348254e-06,0.01148704458999374
786,1506,4cd14d96-f817-41a3-af6c-2d3ed0dd20b7,Saltines,81,0.7909543102113151,0.7883726465045835,574.3522294996867,False,False,0.0999999963644763,-0.01148704415206446
787,1507,4cd14d96-f817-41a3-af6c-2d3ed0dd20b7,Saltines,82,0.8535315386911491,0.8509716387386542,574.3522294996867,False,False,0.09999341699996879,0.0006590701413312361
788,1508,4cd14d96-f817-41a3-af6c-2d3ed0dd20b7,Saltines,83,0.7746965585223842,0.9135599308028086,574.3522294996867,False,False,,0.0016785451198784856
790,1510,3a094991-4cbc-4786-b74c-688876d243f4,Squirrels,73,0.989406504364578,0.9421347783367487,0.0,False,False,0.1000006023421275,0.011132757199848478
791,1511,3a094991-4cbc-4786-b74c-688876d243f4,Squirrels,74,0.9106545821359904,0.8637216131912009,0.0,False,False,0.10000064352026819,0.011132757161410434
792,1512,3a094991-4cbc-4786-b74c-688876d243f4,Squirrels,75,0.8318964791544408,0.7853146560442446,556.6378599924135,False,False,0.10000071118512255,0.011132757199848298
793,1513,3a094991-4cbc-4786-b74c-688876d243f4,Squirrels,76,0.7531446018641939,0.7069014457662415,556.6378599924135,False,False,0.10000077725243256,0.011132757199848298
794,1514,3a094991-4cbc-4786-b74c-688876d243f4,Squirrels,77,0.6743927245739469,0.6284882354882384,556.6378599924135,False,False,0.00013072651242037112,0.01113275719984824
795,1515,3a094991-4cbc-4786-b74c-688876d243f4,Squirrels,78,0.6665037317063628,0.6206331686899241,556.6378599924135,False,False,0.00013135255854414748,0.01113275719984824
796,1516,3a094991-4cbc-4786-b74c-688876d243f4,Squirrels,79,0.6586147388387786,0.6127781018916099,556.6378599924135,False,False,0.00013198462944403252,0.01113275719984824
797,1517,3a094991-4cbc-4786-b74c-688876d243f4,Squirrels,80,0.6507257459711945,0.6049230350932956,556.6378599924135,False,False,0.10000087789771221,0.011132757199848298
798,1518,3a094991-4cbc-4786-b74c-688876d243f4,Squirrels,81,0.5719738686809476,0.5265098248152925,556.6378599924135,False,False,0.09999835125556439,-0.011132510941342336
799,1519,3a094991-4cbc-4786-b74c-688876d243f4,Squirrels,82,0.6345039567528303,0.5896558357527478,556.6378599924135,False,False,0.09986899110265149,0.0013131730246196266
800,1520,3a094991-4cbc-4786-b74c-688876d243f4,Squirrels,83,0.5517257657724569,0.6480692770683675,556.6378599924135,False,False,,0.011132757199848268
802,1522,c19bb50b-9a22-4dd2-8200-bce639b1b239,Truckers,73,0.9354476653582816,0.9648295509610992,0.0,False,False,0.10000023920705643,0.01122084155770793
803,1523,c19bb50b-9a22-4dd2-8200-bce639b1b239,Truckers,74,0.8569082366151561,0.8860790987115515,0.0,False,False,7.239328911745556e-05,0.011220841557708118
804,1524,c19bb50b-9a22-4dd2-8200-bce639b1b239,Truckers,75,0.848984555463164,0.8781341278327658,561.0420778854057,False,False,7.270149981162971e-05,0.011220841557708118
805,1525,c19bb50b-9a22-4dd2-8200-bce639b1b239,Truckers,76,0.8410608743111718,0.87018915695398,561.0420778854057,False,False,7.30123460671674e-05,0.011220841557708118
806,1526,c19bb50b-9a22-4dd2-8200-bce639b1b239,Truckers,77,0.8331371931591797,0.8622441860751943,561.0420778854057,False,False,7.332586183437388e-05,0.011220841557708118
807,1527,c19bb50b-9a22-4dd2-8200-bce639b1b239,Truckers,78,0.8252135120071875,0.8542992151964085,561.0420778854057,False,False,7.36420816491741e-05,0.011220841557708118
808,1528,c19bb50b-9a22-4dd2-8200-bce639b1b239,Truckers,79,0.8172898308551954,0.8463542443176227,561.0420778854057,False,False,7.396104064579777e-05,0.011220841557708118
809,1529,c19bb50b-9a22-4dd2-8200-bce639b1b239,Truckers,80,0.8093661497032032,0.838409273438837,561.0420778854057,False,False,0.09999956449795426,-0.011220787521359715
810,1530,c19bb50b-9a22-4dd2-8200-bce639b1b239,Truckers,81,0.8722649604392786,0.9010629898195508,561.0420778854057,False,False,0.10007054471169868,0.0015944823636776656
811,1531,c19bb50b-9a22-4dd2-8200-bce639b1b239,Truckers,82,0.7876534737129025,0.9572976335962824,561.0420778854057,False,False,0.09958229667338066,0.0016699195086836843
812,1532,c19bb50b-9a22-4dd2-8200-bce639b1b239,Truckers,83,0.8441341343619599,0.8727594321394958,561.0420778854057,False,False,,0.001589989679063833
816,1536,d0762a7e-004b-48a9-a832-a993982b305b,Whales,75,0.8170933916431444,1.0,521.9614104813305,True,False,0.00041229876019270253,0.010439228209626552
823,1543,d0762a7e-004b-48a9-a832-a993982b305b,Whales,82,0.3081093178765707,1.0,521.9614104813305,True,False,0.10019679866985759,0.011715632517196886
824,1544,d0762a7e-004b-48a9-a832-a993982b305b,Whales,83,0.2317197211598965,0.9184830565944646,585.7816258598452,False,False,,0.01171563251719703
826,1546,adc5b394-8f76-416d-9ce9-813706877b84,Breath Mints,73,0.9597916851446512,0.9240839993843868,20.217889392430838,False,False,0.09999983935646159,-0.00606947313872587
827,1547,adc5b394-8f76-416d-9ce9-813706877b84,Breath Mints,74,0.8932608627568701,0.8577771856406842,20.217889392430838,False,False,0.09999982763423673,-0.006069473139596743
828,1548,adc5b394-8f76-416d-9ce9-813706877b84,Breath Mints,75,0.82673025282983,0.7914701587203873,-303.4736573618917,False,False,0.09999980926026901,-0.0060694731346336295
829,1549,adc5b394-8f76-416d-9ce9-813706877b84,Breath Mints,76,0.7602075065861477,0.7251552425295034,-303.4736573618917,False,False,0.09999981843351455,-0.006142744164493452
830,1550,adc5b394-8f76-416d-9ce9-813706877b84,Breath Mints,77,0.6937007722364266,0.6589280671472831,-303.4736573618917,False,False,0.0999994112255926,-0.006205115037609413
831,1551,adc5b394-8f76-416d-9ce9-813706877b84,Breath Mints,78,0.6277482758969595,0.59223662338048,-307.1372407055891,False,False,0.0999997425764896,-0.0062848676310183205
832,1552,adc5b394-8f76-416d-9ce9-813706877b84,Breath Mints,79,0.5613705294888656,0.5260813453089721,-310.2632934845816,False,False,0.0999997086991837,-0.0062848675229675716
833,1553,adc5b394-8f76-416d-9ce9-813706877b84,Breath Mints,80,0.4950057993003609,0.4599130096627227,-314.24338155472526,False,False,0.09999969356167118,-0.006284867631094454
834,1554,adc5b394-8f76-416d-9ce9-813706877b84,Breath Mints,81,0.4286283114033852,0.3937574722118915,-314.24338155472526,False,False,0.10001046154651218,-0.0061976310314629385
835,1555,adc5b394-8f76-416d-9ce9-813706877b84,Breath Mints,82,0.3518208953123383,0.3399104179050276,-314.24338155472526,False,False,0.10002472610110864,-5.764232213700815e-05
836,1556,adc5b394-8f76-416d-9ce9-813706877b84,Breath Mints,83,0.2828511071108944,0.4122405165753451,-314.24338155472526,False,False,,4.236169667999612e-05
838,1558,979aee4a-6d80-4863-bf1c-ee1a78e06024,Fridays,73,0.994954668899806,0.9220126577315232,-894.0986838894546,False,False,0.09999760254779567,-0.01970452265580301
839,1559,979aee4a-6d80-4863-bf1c-ee1a78e06024,Fridays,74,0.9381167684634768,0.8652956694835354,-894.0986838894546,False,False,0.09999765495739027,-0.019690413457860406
840,1560,979aee4a-6d80-4863-bf1c-ee1a78e06024,Fridays,75,0.881223881060473,0.8086138465283892,-985.2281589959628,False,False,0.0999979363159885,-0.01967882742988873
841,1561,979aee4a-6d80-4863-bf1c-ee1a78e06024,Fridays,76,0.8242289159864072,0.7520182219692095,-984.5215405958744,False,False,0.09999775821362968,-0.01967882765283635
842,1562,979aee4a-6d80-4863-bf1c-ee1a78e06024,Fridays,77,0.7672435076378872,0.6954129751931801,-983.9413826418166,False,False,0.0999976087608593,-0.01967882765283635
843,1563,979aee4a-6d80-4863-bf1c-ee1a78e06024,Fridays,78,0.7102580992893671,0.6388077284171507,-983.9413826418166,False,False,0.09999744385017344,-0.01967882765283635
844,1564,979aee4a-6d80-4863-bf1c-ee1a78e06024,Fridays,79,0.6532726909408471,0.5822024816411213,-983.9413826418166,False,False,0.09999782859243607,-0.019607031208713765
845,1565,979aee4a-6d80-4863-bf1c-ee1a78e06024,Fridays,80,0.5961283663725185,0.525655548915232,-983.9413826418166,False,False,0.0999970869724765,-0.019586087127169596
846,1566,979aee4a-6d80-4863-bf1c-ee1a78e06024,Fridays,81,0.539077685545072,0.4689844169286202,-980.3529945813872,False,False,0.09999686393433041,-0.01957266253148933
847,1567,979aee4a-6d80-4863-bf1c-ee1a78e06024,Fridays,82,0.4820175386401714,0.412303765490366,-979.3043563588894,False,False,0.10020653281293111,-0.01612359127980785
848,1568,979aee4a-6d80-4863-bf1c-ee1a78e06024,Fridays,83,0.3987272154841428,0.4024055834168206,-978.6331265744668,False,False,,-0.01944531428506767
