,Team,Day,X,Y,corrected_speed,speed,edensity
30,Crabs,58,-1.0,-1.0,,1.4142135623730951,299.205427785912
31,Crabs,59,-1.0,-1.0,,1.4142135623730951,302.1619108465975
32,Crabs,60,-1.0,-1.0,,1.4142135623730951,314.29621565488105
33,Crabs,61,-0.9336364346804806,-0.9343845362824896,0.09997976170320261,1.3208904018906045,332.74980342235745
34,Crabs,62,-0.986248025269775,-1.0,0.0801005055006415,1.4045231102935012,333.46073486876605
35,Crabs,63,-1.0,-1.0,,1.4142135623730951,333.7667221847338
36,Crabs,64,-1.0,-1.0,,1.4142135623730951,334.7667221847338
37,Crabs,65,-1.0,-1.0,,1.4142135623730951,335.8667221847338
38,Crabs,66,-1.0,-1.0,,1.4142135623730951,334.8667221847338
39,Crabs,67,-1.0,-1.0,,1.4142135623730951,336.8667221847338
40,Crabs,68,-0.9343018738881036,-0.9343054312649252,0.09966600000241485,1.3213048968508212,337.8667221847338
41,Crabs,69,-1.0,-1.0,,1.4142135623730951,352.5667221847338
42,Crabs,70,-1.0,-1.0,,1.4142135623730951,354.5667221847338
43,Crabs,71,-0.9788934954841584,-1.0,0.028277838959536294,1.3993685988692166,358.5667221847338
44,Crabs,72,-1.0,-1.0,,1.4142135623730951,349.96672218473384
45,Crabs,73,-1.0,-1.0,,1.4142135623730951,350.08754862277294
46,Crabs,74,-1.0,-1.0,,1.4142135623730951,352.2231336891007
47,Crabs,75,-1.0,-1.0,,1.4142135623730951,352.1616102742462
48,Crabs,76,-1.0,-1.0,,1.4142135623730951,354.1616102742462
49,Crabs,77,-1.0,-1.0,,1.4142135623730951,369.1616102742462
50,Crabs,78,-1.0,-1.0,,1.4142135623730951,373.1616102742462
51,Crabs,79,-0.9351384949292864,-0.9351384949292864,0.09955858794683257,1.3224855422261605,391.5283899949029
82,Dale,58,-0.9480678986788426,-0.9479115610490806,,1.3406599375217494,1301.0187049509607
83,Dale,59,-1.0,-1.0,,1.4142135623730951,1320.8071187813212
84,Dale,60,-1.0,-1.0,,1.4142135623730951,1322.3154743635605
85,Dale,61,-1.0,-1.0,,1.4142135623730951,1334.8154743635605
86,Dale,62,-0.9487093685874436,-0.9487093685874436,0.09956221605358798,1.3416776558067782,1351.3154743635605
87,Dale,63,-1.0,-1.0,,1.4142135623730951,1354.3154743635605
88,Dale,64,-1.0,-1.0,,1.4142135623730951,1373.204671684163
89,Dale,65,-1.0,-1.0,,1.4142135623730951,1391.4049134283412
90,Dale,66,-1.0,-1.0,,1.4142135623730951,1406.9842338278363
91,Dale,67,-1.0,-1.0,,1.4142135623730951,1422.9842338278363
92,Dale,68,-1.0,-1.0,,1.4142135623730951,1420.9842338278363
93,Dale,69,-1.0,-1.0,,1.4142135623730951,1420.9842338278363
94,Dale,70,-1.0,-1.0,,1.4142135623730951,1423.9842338278363
95,Dale,71,-1.0,-1.0,,1.4142135623730951,1435.9842338278363
96,Dale,72,-1.0,-1.0,,1.4142135623730951,1453.1434860644101
97,Dale,73,-1.0,-1.0,,1.4142135623730951,1453.1434860644101
98,Dale,74,-1.0,-1.0,,1.4142135623730951,1455.1434860644101
99,Dale,75,-0.9502924224819688,-0.9502924224819688,0.09965999999999992,1.3439164320943833,1468.1434860644101
100,Dale,76,-0.9891047096300216,-0.872905720203893,0.11300051894527534,1.319201471715737,1487.1434860644101
101,Dale,77,-1.0,-0.9654063378071944,0.06373589641088481,1.3899674086388856,1485.1434860644101
102,Dale,78,-1.0,-1.0,,1.4142135623730951,1486.1434860644101
103,Dale,79,-1.0,-1.0,,1.4142135623730951,1496.5576124261738
134,Firefighters,58,0.7172177331266186,-0.6198881745604611,,0.9479781778454535,
135,Firefighters,59,0.652992474867141,-0.5441259708565005,,0.849983673015925,
136,Firefighters,60,0.5988093903859578,-0.4585678486849349,,0.7542261980745112,
137,Firefighters,61,0.5394380511106102,-0.3775202965647232,,0.6584185487243884,
138,Firefighters,62,0.449779127240088,-0.3569665196684965,,0.5742180417446794,
139,Firefighters,63,0.3842633621344173,-0.2820984955372368,,0.47669475837606895,
140,Firefighters,64,0.3068349563548201,-0.2238444601120212,,0.37980788928628983,
141,Firefighters,65,0.2452428889774782,-0.14450322447075,,0.28464935706314826,
142,Firefighters,66,0.1592543849789286,-0.1048808688049712,,0.190688111261039,
143,Firefighters,67,0.0683593421525435,-0.0942995075610366,,0.11647058334954156,
144,Firefighters,68,0.0058296756059707,-0.0155580522438401,,0.016614394580992346,
145,Firefighters,69,-0.0719513753191498,-0.0567803663136701,,0.091657025966544,
146,Firefighters,70,0.0318934815117549,-0.0783605624662712,,0.08460243443879757,
147,Firefighters,71,0.1090449947775859,-0.1426729689443079,,0.17957279012541733,
148,Firefighters,72,0.1891962250564939,-0.2041149686104577,,0.278313010810626,
149,Firefighters,73,0.2680677444863995,-0.2669768063187864,,0.37833441654996747,
150,Firefighters,74,0.3534132025715014,-0.3228313328100255,,0.47866581369024314,
151,Firefighters,75,0.4322808770443215,-0.3859249357381821,,0.579486680332454,
152,Firefighters,76,0.3713214747148999,-0.30614434771082,,0.48125253165020493,
153,Firefighters,77,0.4501355893594473,-0.3692957161792549,,0.58223824573479,
154,Firefighters,78,0.5286336577829799,-0.4328569896109443,,0.6832413318850535,
155,Firefighters,79,0.6072117778959348,-0.4964494693120754,,0.7843266021217076,
186,Flowers,58,0.0353545409527422,0.0436011243638879,,0.05613378315929138,1288.0453969455755
187,Flowers,59,0.0883468630336637,0.0951102842491053,0.09993917851189596,0.12981191924409152,1302.0453969455755
188,Flowers,60,0.1253992971991122,0.1594064209333641,0.09969838771346043,0.20281861544941115,1304.0453969455755
189,Flowers,61,0.1789738396696787,0.2093049340034793,0.09929120614160754,0.2753909778556819,1305.0453969455755
190,Flowers,62,0.2371498398456339,0.2535321043017096,0.0993439507094682,0.3471578523531662,1323.0453969455755
191,Flowers,63,0.2944790505415875,0.2987859912380681,0.09970056024431144,0.4195127885631018,1340.0453969455755
192,Flowers,64,0.3540308605859373,0.3413180376037117,0.10003247641410593,0.4917680886768357,1355.321446574298
193,Flowers,65,0.3888828734275693,0.4062880625714298,0.10001441191865541,0.5624054400815562,1354.9729294442309
194,Flowers,66,0.4485306060380788,0.4485981670278999,0.09993946660769348,0.6343658408313596,1354.4838953435308
195,Flowers,67,0.5110865613974295,0.4869282109764053,0.09997779587045752,0.705909736358503,1356.2372823634435
196,Flowers,68,0.5691143589503481,0.5304437440518093,0.09951944528435293,0.7779856805669156,1357.6703923643731
197,Flowers,69,0.6201241692884079,0.5818144564892105,0.09957672028039652,0.8503305516770954,1359.2339636966094
198,Flowers,70,0.6736969533429092,0.6305042498474769,0.1000477831777261,0.9227151207275448,1383.3421889064666
199,Flowers,71,0.7262871096463713,0.6801751064666844,0.0999425405255554,0.9950533358043908,1380.2937570035583
200,Flowers,72,0.7796025073120905,0.7286421835104748,0.0996698806654283,1.067098636958276,1381.4059597238843
201,Flowers,73,0.8219544367655052,0.7870818385331261,0.09955889849041417,1.1380276431911418,1383.4059597238843
202,Flowers,74,0.8730795404218277,0.837198926498238,0.09956070688567517,1.209615611024011,1398.4059597238843
203,Flowers,75,0.9232470959249997,0.8877116770306016,0.0992786269126045,1.2807877348219838,1404.4059597238843
204,Flowers,76,0.9742070687014756,0.9368826990812856,0.09922202192144793,1.3516022360686433,1420.4059597238843
205,Flowers,77,1.0,0.9363193380387506,0.05040445049777864,1.3699247799734569,1440.4059597238843
206,Flowers,78,1.0,0.986618105234221,0.07383207685663329,1.4047830030207387,1459.4059597238843
207,Flowers,79,1.0,1.0,0.039917299668974254,1.4142135623730951,1465.8559191584745
238,Garages,58,1.0,0.9857084086341942,,1.404144247166991,1379.395527508214
239,Garages,59,1.0,1.0,0.03910118202519334,1.4142135623730951,1383.3514568796145
240,Garages,60,1.0,1.0,0.027648075358482283,1.4142135623730951,1382.4037679241142
241,Garages,61,1.0,1.0,0.027968075358482284,1.4142135623730951,1398.4037679241142
242,Garages,62,0.9711581112823204,0.8801922622244217,0.10087142656362709,1.3106816911779873,1398.4037679241142
243,Garages,63,1.0,0.9309643543397658,0.08584202713661956,1.3662703352745593,1411.4037679241142
244,Garages,64,1.0,0.9814493933217644,0.0734293018305752,1.401157704061773,1427.174751532862
245,Garages,65,1.0,1.0,0.04393853382286435,1.4142135623730951,1440.8798723588602
246,Garages,66,1.0,1.0,0.029076378570900605,1.4142135623730951,1453.8189285450303
247,Garages,67,1.0,1.0,0.02964545393142154,1.4142135623730951,1482.2726965710772
248,Garages,68,1.0,1.0,0.03005346101537314,1.4142135623730951,1502.673050768657
249,Garages,69,1.0,1.0,0.03044118765231841,1.4142135623730951,1522.0593826159206
250,Garages,70,1.0,0.8963332910049513,0.08545822364523113,1.3429122713579493,1539.0885829052027
251,Garages,71,1.0,0.9453108700126392,0.07416924987374121,1.3760859860357757,1559.2098747308678
252,Garages,72,1.0,0.994005138460515,0.07413618253985733,1.4099809272773542,1562.3890811419567
253,Garages,73,1.0,1.0,0.0359496552803322,1.4142135623730951,1572.9925865611378
254,Garages,74,0.9066077154361692,0.9066109541074284,0.10055735221344482,1.2821392170103727,1575.8496589012182
255,Garages,75,0.8132453483611981,0.8132485592314098,0.10023400000001138,1.1501048716195799,1590.0172695495057
256,Garages,76,0.7198526756745405,0.7199164829521728,0.09996000026396176,1.0180705364079747,1603.7172695495058
257,Garages,77,0.6261792360024271,0.6262400783072104,0.10044199999662334,0.8855941910823514,1601.7172695495058
258,Garages,78,0.5322783494762917,0.5323385721488537,0.10076200000563998,0.7527978458515179,1601.7172695495058
259,Garages,79,0.4393306016861663,0.4371787853111618,0.10054832475197074,0.6197875990241106,1623.817269549506
290,Georgias,58,-1.0,1.0,,1.4142135623730951,-74.48954127263744
291,Georgias,59,-1.0,1.0,0.001429790825452749,1.4142135623730951,-71.48954127263744
292,Georgias,60,-1.0,1.0,0.001165790825452749,1.4142135623730951,-58.28954127263745
293,Georgias,61,-1.0,1.0,0.000805790825452749,1.4142135623730951,-40.28954127263745
294,Georgias,62,-1.0,1.0,0.0008257908254527491,1.4142135623730951,-41.28954127263745
295,Georgias,63,-1.0,1.0,0.0008537908254527498,1.4142135623730951,-42.689541272637484
296,Georgias,64,-1.0,1.0,0.0008337908254527497,1.4142135623730951,-41.689541272637484
297,Georgias,65,-1.0,0.9999951943640372,0.0006185964614155844,1.4142101642794003,-30.689541272637484
298,Georgias,66,-1.0,0.9997582015798304,0.0005907836096594962,1.414042595407273,-17.689541272637484
299,Georgias,67,-1.0,0.9993354627286078,0.00041652967667532017,1.4137437416544063,0.3104587273625157
300,Georgias,68,-1.0,1.0,0.0009707464459394019,1.4142135623730951,15.310458727362516
301,Georgias,69,-1.0,1.0,0.0005462091745472503,1.4142135623730951,27.310458727362516
302,Georgias,70,-1.0,1.0,0.0005462091745472503,1.4142135623730951,27.310458727362516
303,Georgias,71,-1.0,1.0,0.0006062091745472504,1.4142135623730951,30.310458727362516
304,Georgias,72,-1.0,1.0,0.0006102091745472512,1.4142135623730951,30.51045872736256
305,Georgias,73,-1.0,1.0,0.0008702091745472513,1.4142135623730951,43.51045872736256
306,Georgias,74,-1.0,1.0,0.0008522091745472506,1.4142135623730951,42.61045872736253
307,Georgias,75,-1.0,1.0,0.0007522091745472506,1.4142135623730951,37.61045872736253
308,Georgias,76,-1.0,1.0,0.0010714484993507485,1.4142135623730951,53.572424967537415
309,Georgias,77,-1.0,1.0,0.0009803348741510298,1.4142135623730951,49.016743707551484
310,Georgias,78,-1.0,1.0,0.0010999691221657976,1.4142135623730951,54.99845610828987
311,Georgias,79,-1.0,1.0,0.0010877639611254722,1.4142135623730951,54.38819805627361
342,Jazz Hands,58,0.8028162424767511,0.7955999855638661,,1.1302624722663819,1061.386628105292
343,Jazz Hands,59,0.8478615659779616,0.8596997819616348,0.0993201955370107,1.2074572249845887,1060.7805703144618
344,Jazz Hands,60,0.8970240491643626,0.920103763106398,0.09933734082071105,1.285007034868597,1076.6730060153882
345,Jazz Hands,61,0.9392436088904376,0.9855014105637492,0.09941107570474496,1.3613932521739163,1095.595120388999
346,Jazz Hands,62,0.9942455976650528,1.0,0.07687327091493405,1.4101504559713969,1110.3709039479681
347,Jazz Hands,63,1.0,1.0,0.026925195967514234,1.4142135623730951,1127.3494155337667
348,Jazz Hands,64,1.0,0.9131173823246088,0.07311798603661579,1.3541725716847708,1129.03785303624
349,Jazz Hands,65,1.0,0.9480675221390356,0.053523717067355606,1.3779811415744596,1146.0433138970639
350,Jazz Hands,66,1.0,1.0,0.07015019249089728,1.4142135623730951,1152.4537550459668
351,Jazz Hands,67,1.0,1.0,0.02342320830568715,1.4142135623730951,1171.1604152843574
352,Jazz Hands,68,1.0,1.0,0.023552026970845352,1.4142135623730951,1177.6013485422677
353,Jazz Hands,69,1.0,1.0,0.023863821316204237,1.4142135623730951,1193.191065810212
354,Jazz Hands,70,0.9056368810466346,1.0,0.0796498699543269,1.349139785312062,1207.191065810212
355,Jazz Hands,71,0.9461533809656432,1.0,0.059960108880328156,1.3766648903464915,1210.191065810212
356,Jazz Hands,72,0.8890802632892577,1.0,0.0441279757440899,1.3380821030753292,1208.191065810212
357,Jazz Hands,73,0.8711642430115927,1.0,0.017741866960756508,1.3262455045360046,1211.1964668632704
358,Jazz Hands,74,0.9236201922506956,1.0,0.07153593455966539,1.3612767020459917,1218.3078610684893
359,Jazz Hands,75,0.8378907295828215,0.9087702680321988,0.10045679899333868,1.2360923407173703,1236.7477021441841
360,Jazz Hands,76,0.8909082525618205,0.9611466593448226,0.09933659623375249,1.3105420310896057,1240.798455263096
361,Jazz Hands,77,0.94376765482504,1.0,0.09055402638900757,1.3750263220367658,1260.0740893098541
362,Jazz Hands,78,0.9965662047118394,1.0,0.07305592175329864,1.4117875903880726,1273.7349068911285
363,Jazz Hands,79,1.0,1.0,0.028247306188369622,1.4142135623730951,1285.7349068911285
394,Lift,58,-0.941049141437966,-1.0,,1.373161857393779,1288.3715878094283
395,Lift,59,-1.0,-1.0,,1.4142135623730951,1301.3160241245762
396,Lift,60,-1.0,-1.0,,1.4142135623730951,1304.2493615566036
397,Lift,61,-1.0,-1.0,,1.4142135623730951,1309.2493615566036
398,Lift,62,-1.0,-1.0,,1.4142135623730951,1320.2493615566036
399,Lift,63,-0.9481796705117908,-0.9481796705117908,0.09969000000000001,1.3409285496042271,1320.2493615566036
400,Lift,64,-1.0,-1.0,,1.4142135623730951,1336.7493615566036
401,Lift,65,-1.0,-1.0,,1.4142135623730951,1335.7493615566036
402,Lift,66,-1.0,-1.0,,1.4142135623730951,1351.7493615566036
403,Lift,67,-1.0,-1.0,,1.4142135623730951,1353.0879423110728
404,Lift,68,-0.942622397844696,-1.0,0.08487851746752272,1.3742405120350965,1375.0457656109375
405,Lift,69,-0.962614352607006,-1.0,0.007871528069433927,1.3880296797421174,1393.1741415871948
406,Lift,70,-1.0,-1.0,,1.4142135623730951,1410.1741415871948
407,Lift,71,-1.0,-1.0,,1.4142135623730951,1409.1741415871948
408,Lift,72,-1.0,-1.0,,1.4142135623730951,1408.8741415871946
409,Lift,73,-1.0,-1.0,,1.4142135623730951,1411.1661165986527
410,Lift,74,-1.0,-1.0,,1.4142135623730951,1427.9091741502393
411,Lift,75,-0.949692607337586,-0.949692607337586,0.09974000000000015,1.3430681653822805,1429.7301504592754
412,Lift,76,-1.0,-1.0,,1.4142135623730951,1429.7301504592754
413,Lift,77,-1.0,-1.0,,1.4142135623730951,1442.7301504592754
414,Lift,78,-1.0,-1.0,,1.4142135623730951,1442.7301504592754
415,Lift,79,-1.0,-1.0,,1.4142135623730951,1439.7301504592754
446,Lovers,58,1.0,-0.8556976172719605,,1.3161376874039095,401.8525542506035
447,Lovers,59,1.0,-0.9164459000391656,0.06097889179525418,1.3564192153234178,420.4714518844163
448,Lovers,60,1.0,-0.8775567006567234,0.040511257569316166,1.3304532170908958,460.9196490591178
449,Lovers,61,1.0,-0.9544418179233009,0.07722384681597824,1.382374473071872,459.25475775301334
450,Lovers,62,1.0,-1.0,0.046535094114380164,1.4142135623730951,474.25475775301334
451,Lovers,63,0.9213925413079403,-0.935719246627842,0.09440050818150215,1.3132154140458756,489.25475775301334
452,Lovers,64,0.914886914737782,-0.8424372758777853,,1.243671431909088,
453,Lovers,65,0.9771036523648344,-0.9203185921595778,,1.3422808419027987,
454,Lovers,66,0.8992156020647049,-0.855369430859726,,1.2410663005036762,
455,Lovers,67,0.8200891492057231,-0.7917429402368314,,1.1399136353513057,
456,Lovers,68,0.7410496895448353,-0.728134261654031,,1.0389100756894014,
457,Lovers,69,0.8033840997606573,-0.8060835093249379,,1.1380670611848183,
458,Lovers,70,0.7244308676897862,-0.7423659883882161,,1.0372595349175584,
459,Lovers,71,0.6885459202037206,-0.6535375695910237,,0.94931914501717,
460,Lovers,72,0.6090360204465795,-0.5905360007220131,,0.8483263772571001,
461,Lovers,73,0.5293796035879533,-0.5277665876407422,,0.7475161106791558,
462,Lovers,74,0.5740477169496433,-0.4508135051560232,,0.7299065678332793,
463,Lovers,75,0.494512142875288,-0.3881148749134006,,0.6286297921512739,
464,Lovers,76,0.4079419226232901,-0.3334418450873698,,0.5268776672899089,
465,Lovers,77,0.3282091827594684,-0.2711444764370302,,0.4257236130988618,
466,Lovers,78,0.2485474397611624,-0.2088773203917017,,0.3246622318438753,
467,Lovers,79,0.1693499433874578,-0.1462662717963858,,0.22377047524315927,
498,Magic,58,0.9429972357237542,-0.9174972731352397,,1.315691845681671,-258.04246067603833
499,Magic,59,0.9166740875713736,-0.819249799073735,,1.2294151520569305,
500,Magic,60,0.8440021223187941,-0.7513434595849264,,1.1299807860046447,
501,Magic,61,0.8531346621990449,-0.6493789499104541,,1.0721621950210156,
502,Magic,62,0.8402691891973697,-0.5484013817343353,,1.003392438581502,
503,Magic,63,0.7710154106395593,-0.4765654009177031,,0.9064101416001143,
504,Magic,64,0.7094342538307917,-0.3975999631022348,,0.8132543828147196,
505,Magic,65,0.6398462279864603,-0.3260053316942483,,0.7181104871547123,
506,Magic,66,0.5726516348517141,-0.2519988121540847,,0.6256463028144661,
507,Magic,67,0.4971058612139775,-0.1870394076871841,,0.5311289648298828,
508,Magic,68,0.4236087264862181,-0.1194666424511705,,0.44013251619691923,
509,Magic,69,0.3479713228958454,-0.0543093653507557,,0.3521839699967711,
510,Magic,70,0.2523609958194868,-0.0790929997130873,,0.26446507295788124,
511,Magic,71,0.1591811562440033,-0.0442904929855654,,0.16522798876728545,
512,Magic,72,0.0830719630047364,0.0205296526701178,,0.08557112641665977,
513,Magic,73,0.0145793813886715,-0.0526117328401829,,0.05459443922345133,
514,Magic,74,0.1008454431472535,-0.102906915258717,,0.14408204819348833,
515,Magic,75,0.1838103769644304,-0.1583780744246083,,0.24263113802282835,
516,Magic,76,0.2666386554391381,-0.2139880264436336,,0.34188747861779417,
517,Magic,77,0.3649257982612403,-0.2262324554612164,,0.4293622737742741,
518,Magic,78,0.4320596768046824,-0.30037320854739,,0.5262125319047622,
519,Magic,79,0.4943889977203187,-0.3786998515065513,,0.6227632444179612,
550,Mechanics,58,0.7410559464315116,-0.7055965057752372,,1.023245007172636,
551,Mechanics,59,0.6868963442200746,-0.6208364727672291,,0.9258857994488076,
552,Mechanics,60,0.6191314382845786,-0.5476383348391411,,0.8265781775837772,
553,Mechanics,61,0.5518715074779372,-0.4738830613909869,,0.7274113806088442,
554,Mechanics,62,0.4840903444501566,-0.4005840486549404,,0.6283399093059862,
555,Mechanics,63,0.4165178462246293,-0.3270249386274255,,0.5295587094061199,
556,Mechanics,64,0.3488998507063217,-0.2534653818060873,,0.43124912243041047,
557,Mechanics,65,0.4224020846364769,-0.3215740580342551,,0.5308798318884037,
558,Mechanics,66,0.3552502611256337,-0.2475450538364388,,0.4329911104268958,
559,Mechanics,67,0.2874032865615654,-0.1741693701827107,,0.3360589511324336,
560,Mechanics,68,0.2195918457484386,-0.100713296850198,,0.24158589959193014,
561,Mechanics,69,0.1482441189057526,-0.0309882415287379,,0.1514483076933721,
562,Mechanics,70,0.05971929178612,0.0120860408336914,,0.060930010622593817,
563,Mechanics,71,0.0014661217767515,-0.0641106159323355,,0.06412737783729891,
564,Mechanics,72,-0.0314125634082296,0.0320629080718409,,0.044886292048902474,
565,Mechanics,73,0.0425275923383976,-0.0353972797620599,,0.05533139727726446,
566,Mechanics,74,0.1271765927544047,-0.0900573261382592,,0.15583391073765843,
567,Mechanics,75,0.2000369780640676,-0.1586709190616799,,0.2553257784652432,
568,Mechanics,76,0.2727485434191577,-0.2274614006293228,,0.35514849952312266,
569,Mechanics,77,0.3582651304611789,-0.2807634929568138,,0.4551725416604965,
570,Mechanics,78,0.4310487241737017,-0.349547431655637,,0.5549652327748363,
571,Mechanics,79,0.5036745295195723,-0.4185075208055399,,0.6548561495913143,
602,Millennials,58,1.0,1.0,,1.4142135623730951,-1213.6393168062486
603,Millennials,59,1.0,1.0,0.024118233134419156,1.4142135623730951,-1205.9116567209578
604,Millennials,60,1.0,1.0,0.024189671038766732,1.4142135623730951,-1209.4835519383366
605,Millennials,61,1.0,1.0,0.023809671038766734,1.4142135623730951,-1190.4835519383366
606,Millennials,62,0.9455854111693944,0.9455854111693944,0.10054352055396466,1.3372597128578971,-1179.4835519383366
607,Millennials,63,1.0,1.0,0.053624178476431195,1.4142135623730951,-1166.4835519383366
608,Millennials,64,1.0,1.0,0.023046150484802134,1.4142135623730951,-1152.3075242401067
609,Millennials,65,1.0,1.0,0.02272216952018635,1.4142135623730951,-1136.1084760093174
610,Millennials,66,1.0,1.0,0.0225845094768357,1.4142135623730951,-1129.2254738417848
611,Millennials,67,1.0,1.0,0.02230271638204095,1.4142135623730951,-1115.1358191020477
612,Millennials,68,1.0,1.0,0.022112462958537065,1.4142135623730951,-1105.6231479268533
613,Millennials,69,1.0,1.0,0.022218749673827594,1.4142135623730951,-1110.9374836913796
614,Millennials,70,1.0,1.0,0.022118749673827594,1.4142135623730951,-1105.9374836913796
615,Millennials,71,1.0,1.0,0.022118749673827594,1.4142135623730951,-1105.9374836913796
616,Millennials,72,1.0,1.0,0.02178474967382759,1.4142135623730951,-1089.2374836913796
617,Millennials,73,1.0,1.0,0.02180403641454248,1.4142135623730951,-1090.201820727124
618,Millennials,74,0.9446684811462274,0.9435626719999544,0.1006769791907295,1.3351812817976492,-1082.0740810900534
619,Millennials,75,0.8884699812373466,0.8873657477172735,0.10081999935868312,1.2557057289754343,-1067.221669143291
620,Millennials,76,0.8271480079881889,0.8362968732181792,0.10069427505759496,1.1762509457056058,-1048.221669143291
621,Millennials,77,0.7707479334019891,0.7798489854062952,0.10031996263417017,1.0964564819830585,-1026.221669143291
622,Millennials,78,0.7143477806322586,0.7234011757118477,0.10005996049231917,1.0166621920360355,-1013.2216691432909
623,Millennials,79,0.6577497215947363,0.6667552925230382,0.10027995782497205,0.9365881252532703,-1010.2216691432909
654,Moist Talkers,58,1.0,1.0,,1.4142135623730951,504.54411762720184
655,Moist Talkers,59,1.0,0.9335397764036276,0.05987545090772491,1.3680265034449206,505.54411762720184
656,Moist Talkers,60,1.0,0.9967676495794088,0.07090491936807487,1.4119297954388734,516.5441176272018
657,Moist Talkers,61,1.0,1.0,0.013067859372876483,1.4142135623730951,529.0404276315194
658,Moist Talkers,62,0.9213778264344372,0.9213778264344372,0.1002057448640535,1.3030250182134246,549.1399647808412
659,Moist Talkers,63,0.9840638720211944,0.9840638720211944,0.09984600000000025,1.3916764740537548,559.7272079835084
660,Moist Talkers,64,1.0,1.0,0.033725632479010406,1.4142135623730951,559.4272079835084
661,Moist Talkers,65,1.0,1.0,0.011348544159670168,1.4142135623730951,567.4272079835084
662,Moist Talkers,66,1.0,1.0,0.011228544159670168,1.4142135623730951,561.4272079835084
663,Moist Talkers,67,1.0,1.0,0.011237569807375095,1.4142135623730951,561.8784903687547
664,Moist Talkers,68,1.0,1.0,0.011215476357929341,1.4142135623730951,560.7738178964671
665,Moist Talkers,69,1.0,1.0,0.01115627155714627,1.4142135623730951,557.8135778573135
666,Moist Talkers,70,1.0,1.0,0.0114717695643501,1.4142135623730951,573.5884782175049
667,Moist Talkers,71,1.0,1.0,0.011994501684566653,1.4142135623730951,599.7250842283327
668,Moist Talkers,72,0.9203142051612636,0.9203142051612636,0.10032000000000009,1.301520830583674,618.6365894710439
669,Moist Talkers,73,0.9820356244242132,0.9820356244242132,0.10008000000000021,1.3888080987942535,639.6365894710439
670,Moist Talkers,74,0.9016153476777712,0.903063441343428,0.10002004944474227,1.2761010203973442,634.6365894710439
671,Moist Talkers,75,0.8219703029959183,0.8233369191765316,0.09997999871801637,1.1634082952628042,635.6365894710439
672,Moist Talkers,76,0.7420246044397245,0.7433736278922732,0.10036000053338455,1.0503355960071283,635.6365894710439
673,Moist Talkers,77,0.6619314116974483,0.6632702957894161,0.1005833183010693,0.9370595920582406,634.6365894710439
674,Moist Talkers,78,0.5583598877984092,0.6874336699327825,0.10054228511902844,0.8856245337949405,653.6365894710439
675,Moist Talkers,79,0.4738425334050071,0.6119314725425568,0.10013088944113573,0.773942422633478,663.8024633704463
706,Paws,58,0.6669133153372131,-0.9629432186433892,,1.171338129023965,906.2532854830142
707,Paws,59,0.7247344488749663,-1.0,0.08455494861304808,1.2350060815178607,909.0532854830143
708,Paws,60,0.7422796498998444,-1.0,0.0357462667345384,1.2453831051750444,910.0532854830143
709,Paws,61,0.8000449717324589,-1.0,0.0759063875422748,1.280652941586592,907.0532854830143
710,Paws,62,0.8575610980162718,-1.0,0.07565719199347315,1.317350005439281,907.0532854830143
711,Paws,63,0.9146117232897852,-1.0,0.07523169098317374,1.3551806537798239,909.0532854830143
712,Paws,64,0.9711853424187544,-1.0,0.07475468483862947,1.3939874351403003,909.0532854830143
713,Paws,65,1.0,-1.0,0.04727572329090586,1.4142135623730951,923.0532854830143
714,Paws,66,1.0,-1.0,0.018755065709660287,1.4142135623730951,937.7532854830142
715,Paws,67,1.0,-1.0,,1.4142135623730951,
716,Paws,68,0.9142319317688734,-0.9416090047006404,,1.3124204900866097,
717,Paws,69,0.9700198655718542,-1.0,,1.3931757030626244,
718,Paws,70,0.8843099750171858,-0.9415765025553628,,1.291731567346438,
719,Paws,71,0.7990782490045211,-0.8828389433213036,,1.1907689313535215,
720,Paws,72,0.8549458830222606,-0.9659896600938058,,1.2899877853316517,
721,Paws,73,0.9110863342266295,-1.0,,1.352803869160093,
722,Paws,74,0.8770180041899425,-1.0,,1.3300979586757173,
723,Paws,75,0.9330100270406432,-1.0,,1.3676650578845617,
724,Paws,76,0.9881739649045193,-1.0,,1.4058761627238432,
725,Paws,77,1.0,-1.0,,1.4142135623730951,
726,Paws,78,0.9143633096901074,-0.9412390247352712,,1.312246609365805,
727,Paws,79,0.9683743039951712,-1.0,,1.3920304567925703,
758,Pies,58,-1.0,-1.0,,1.4142135623730951,894.285817146777
759,Pies,59,-1.0,-1.0,,1.4142135623730951,908.285817146777
760,Pies,60,-1.0,-1.0,,1.4142135623730951,920.2858171467769
761,Pies,61,-1.0,-1.0,,1.4142135623730951,924.3877007588351
762,Pies,62,-1.0,-1.0,,1.4142135623730951,942.3770213719631
763,Pies,63,-1.0,-1.0,,1.4142135623730951,959.2272401846449
764,Pies,64,-1.0,-1.0,,1.4142135623730951,971.7297325023533
765,Pies,65,-1.0,-1.0,,1.4142135623730951,972.7297325023533
766,Pies,66,-1.0,-1.0,,1.4142135623730951,893.2329171011249
767,Pies,67,-1.0,-1.0,,1.4142135623730951,885.1391018172155
768,Pies,68,-1.0,-1.0,,1.4142135623730951,869.6253990065759
769,Pies,69,-1.0,-0.9233764990870864,0.09380864555938284,1.361111369090099,859.2572323234624
770,Pies,70,-1.0,-1.0,,1.4142135623730951,909.7350276245331
771,Pies,71,-1.0,-1.0,,1.4142135623730951,927.7350276245331
772,Pies,72,-1.0,-1.0,,1.4142135623730951,946.7350276245331
773,Pies,73,-1.0,-1.0,,1.4142135623730951,944.7350276245331
774,Pies,74,-0.9573164467843114,-1.0,0.06183825376817928,1.3843607836412224,957.7350276245329
775,Pies,75,-1.0,-1.0,,1.4142135623730951,896.0148122460182
776,Pies,76,-1.0,-1.0,,1.4142135623730951,910.7148122460183
777,Pies,77,-1.0,-1.0,,1.4142135623730951,921.7148122460183
778,Pies,78,-1.0,-1.0,,1.4142135623730951,935.7148122460183
779,Pies,79,-1.0,-1.0,,1.4142135623730951,938.7148122460183
810,Queens,58,-1.0,0.9574502978105984,,1.3844533479960976,692.2019317575723
811,Queens,59,-1.0,1.0,0.05663374082455302,1.4142135623730951,704.2019317575723
812,Queens,60,-1.0,1.0,0.014084038635151447,1.4142135623730951,704.2019317575723
813,Queens,61,-1.0,1.0,0.014124038635151447,1.4142135623730951,706.2019317575723
814,Queens,62,-1.0,0.9889602431822064,0.003204281817357881,1.406428939760203,712.2019317575723
815,Queens,63,-1.0,1.0,0.025283795452945013,1.4142135623730951,712.2019317575723
816,Queens,64,-1.0,0.9897778550069602,0.004041893642111697,1.4070039808977723,713.2019317575723
817,Queens,65,-1.0,0.9792810016039458,0.00382718523213702,1.3996396965299416,716.2019317575723
818,Queens,66,-1.0,0.9687881764754716,0.0027148091991068806,1.392318401400581,660.3817163790575
819,Queens,67,-1.0,0.958098385630175,0.002877843482284618,1.384901627028847,678.3817163790575
820,Queens,68,-1.0,1.0,0.05546924869740613,1.4142135623730951,678.3817163790575
821,Queens,69,-1.0,0.9890286643413314,0.002856298668912561,1.4064770523861376,691.3817163790575
822,Queens,70,-0.938388030306574,0.9072006566363258,0.09203233317706626,1.3052145903352568,693.7817163790576
823,Queens,71,-1.0,0.8191788412895504,0.0961732460751078,1.2926925288004454,708.7817163790576
824,Queens,72,-0.9375423710034966,0.7383517641369631,0.09152920322780339,1.193377151210389,720.7817163790576
825,Queens,73,-1.0,0.6604910166431919,0.08901516949379407,1.1984358068191876,721.7817163790576
826,Queens,74,-1.0,0.7213763163718241,0.07542093405621336,1.2330384380959833,726.7817163790576
827,Queens,75,-1.0,0.7819928209113299,0.07515213886708699,1.2694537297423878,726.7817163790576
828,Queens,76,-1.0,0.832027162303768,0.06458997572001927,1.3008724759988048,727.7817163790576
829,Queens,77,-1.0,0.8921468976987272,0.07469536972254033,1.3401216687575286,728.7817163790576
830,Queens,78,-1.0,0.9519530024498032,0.0744017390786571,1.3806572778474733,729.7817163790576
831,Queens,79,-1.0,1.0,0.06266263187777796,1.4142135623730951,730.7817163790576
862,Shoe Thieves,58,0.7311009987077846,-0.7066657666077031,,1.016801443747388,
863,Shoe Thieves,59,0.6529606622495534,-0.644256645530483,,0.9172918029479855,
864,Shoe Thieves,60,0.5886146917607803,-0.5677175783246285,,0.8177838981634569,
865,Shoe Thieves,61,0.5173761308465363,-0.4975112244794346,,0.7177711886477185,
866,Shoe Thieves,62,0.4461929304573897,-0.4272353095244088,,0.6177524916134054,
867,Shoe Thieves,63,0.4966484246798285,-0.3417821145806974,,0.6028886062816317,
868,Shoe Thieves,64,0.4195859116706307,-0.2773432688902533,,0.5029628476052735,
869,Shoe Thieves,65,0.3894541551696025,-0.183928454910814,,0.43070200313528634,
870,Shoe Thieves,66,0.3147380278712763,-0.1170512815535417,,0.3357990897867753,
871,Shoe Thieves,67,0.2392706374721856,-0.0509759695635763,,0.244640526955966,
872,Shoe Thieves,68,0.1396243227622357,-0.0268751398442803,,0.14218728722520374,
873,Shoe Thieves,69,0.0641984795768322,0.039157159288067,,0.07519792486158107,
874,Shoe Thieves,70,0.1029602991761707,-0.0550531273104242,,0.11675474308611343,
875,Shoe Thieves,71,0.1650177816536308,-0.1340364677338983,,0.21259502097759891,
876,Shoe Thieves,72,0.2364939414987792,-0.2035583151995999,,0.3120342482044682,
877,Shoe Thieves,73,0.3041804583335755,-0.2771690530520047,,0.4115196656318736,
878,Shoe Thieves,74,0.3780743864158903,-0.343908384371962,,0.5110902254055394,
879,Shoe Thieves,75,0.445505421522197,-0.4176808828786339,,0.6106819143612701,
880,Shoe Thieves,76,0.5070132661614468,-0.4968721784058159,,0.7098904237538629,
881,Shoe Thieves,77,0.5836026989543335,-0.5598349167358339,,0.8087071436703156,
882,Shoe Thieves,78,0.5676925330119297,-0.46402494855414,,0.7332079956725602,
883,Shoe Thieves,79,0.6377681582971797,-0.5348387995112531,,0.8323465415320802,
914,Spies,58,0.910680039672794,-0.944514379950362,,1.3120386993497786,1182.57163514132
915,Spies,59,0.8484109550063019,-0.8699318381657687,,1.2151471316796079,
916,Spies,60,0.7592138673567015,-0.8147664853459062,,1.113665175009814,
917,Spies,61,0.6699841145889563,-0.7598394987916536,,1.013032466274156,
918,Spies,62,0.5810198025367256,-0.70489125875576,,0.9134854665565815,
919,Spies,63,0.502204514479092,-0.6414002048338303,,0.8146186820372217,
920,Spies,64,0.4133877276956426,-0.5867762355007864,,0.7177713869734855,
921,Spies,65,0.3246002836750706,-0.5323545161675479,,0.6235115676921482,
922,Spies,66,0.3775335952931469,-0.6192890694588375,,0.725293435187554,
923,Spies,67,0.3060784202147087,-0.5513525564731525,,0.6306137017625074,
924,Spies,68,0.2746494473357317,-0.4696616018524651,,0.5440719981550661,
925,Spies,69,0.1880065090048522,-0.4136377340527081,,0.4543595739724766,
926,Spies,70,0.2421420035120811,-0.4996565413206609,,0.5552381553436058,
927,Spies,71,0.1986176197187256,-0.4209473391587229,,0.4654520611271811,
928,Spies,72,0.1444566296441243,-0.3456601533688348,,0.37463136477757186,
929,Spies,73,0.1123755715239798,-0.2651109044876441,,0.287944544580372,
930,Spies,74,0.0397825073953759,-0.1991531566597437,,0.20308773400233593,
931,Spies,75,0.0421241953017495,-0.1205708978341773,,0.12771761520776825,
932,Spies,76,0.1160280096530155,-0.1753586586207831,,0.21026925162115503,
933,Spies,77,0.0256091684620464,-0.1237805041007426,,0.12640190941893015,
934,Spies,78,-0.0164145055094615,-0.0459041101359649,,0.04875062377544453,
935,Spies,79,0.0350261684211936,0.0044001129968026,,0.03530146553125593,
966,Steaks,58,1.0,1.0,,1.4142135623730951,1435.5220174413382
967,Steaks,59,1.0,1.0,0.0291460896282328,1.4142135623730951,1457.30448141164
968,Steaks,60,1.0,1.0,0.02961886690223472,1.4142135623730951,1480.943345111736
969,Steaks,61,1.0,1.0,0.02971886690223472,1.4142135623730951,1485.943345111736
970,Steaks,62,1.0,1.0,0.02997886690223472,1.4142135623730951,1498.943345111736
971,Steaks,63,0.9784976840052306,0.9784976840052306,0.00037000000000005323,1.3838046954708603,1501.943345111736
972,Steaks,64,1.0,1.0,0.0605237338044695,1.4142135623730951,1505.7433451117363
973,Steaks,65,0.9780256901479938,0.9780256901479938,0.0006675001142611848,1.3831371953565992,1520.443345111736
974,Steaks,66,1.0,1.0,0.06174523391873063,1.4142135623730951,1533.443345111736
975,Steaks,67,0.977587283943658,0.977587283943658,0.0006200000000001211,1.382517195356599,1553.8183508247973
976,Steaks,68,0.954933408214632,0.954933408214632,0.0006010512798072995,1.3504797770602956,1571.8183508247973
977,Steaks,69,0.9972278225822164,1.0,0.09349093513784519,1.4122546973305021,1584.8183508247973
978,Steaks,70,1.0,1.0,0.03405410788980591,1.4142135623730951,1601.8709148151647
979,Steaks,71,1.0,1.0,0.032294029495214975,1.4142135623730951,1614.7014747607486
980,Steaks,72,1.0,1.0,0.03241816932053923,1.4142135623730951,1620.9084660269618
981,Steaks,73,1.0,1.0,0.032678169320539234,1.4142135623730951,1633.9084660269618
982,Steaks,74,0.9060655623959756,0.9060779856565248,0.10008640213629076,1.2813789913414848,1637.4084660269618
983,Steaks,75,0.8121204571720342,0.812132773418325,0.1001223482764293,1.1485204737476187,1636.808466026962
984,Steaks,76,0.7181189833906335,0.7181311578987756,0.10010368788136392,1.0155822144223643,1641.7285723782666
985,Steaks,77,0.7654642510495502,0.765475067885671,0.09981387721867124,1.0825375740312304,1642.9258798397343
986,Steaks,78,0.6713749253389888,0.6713856476367978,0.1001242080145134,0.949475106691384,1646.9129664380202
987,Steaks,79,0.5772708237911279,0.5772814507251914,0.10003872373922389,0.8163917425794244,1652.2320188622066
1018,Sunbeams,58,0.4656264201540839,-0.5068573710317522,,0.6882676497662278,
1019,Sunbeams,59,0.4061563384974317,-0.4279382267894336,,0.5899949976477131,
1020,Sunbeams,60,0.3287744998796695,-0.3633579589745669,,0.49002212003264695,
1021,Sunbeams,61,0.2523407687716893,-0.2979284056949684,,0.3904320664395189,
1022,Sunbeams,62,0.1814927115296687,-0.2275951446797214,,0.29109990419128423,
1023,Sunbeams,63,0.1297450375371578,-0.1450401317011227,,0.19460322343013106,
1024,Sunbeams,64,0.0540004704253524,-0.0792349509211994,,0.09588653843811569,
1025,Sunbeams,65,-0.0104107411405088,-0.0043330383195589,,0.011276468958563594,
1026,Sunbeams,66,0.0343134301974422,0.07358474216722,,0.08119190705809898,
1027,Sunbeams,67,0.0858046394197479,-0.014736581119087,,0.08706091527793851,
1028,Sunbeams,68,0.0447073855034826,0.071887737754539,,0.0846557567919771,
1029,Sunbeams,69,0.0979977699216936,-0.0151122998547538,,0.09915616227207054,
1030,Sunbeams,70,0.1586158934853089,-0.0957677787880595,,0.18528483240713894,
1031,Sunbeams,71,0.2194689218076516,-0.1760963109234839,,0.2813832233099077,
1032,Sunbeams,72,0.3037465703870504,-0.2215999414720515,,0.3759900438606214,
1033,Sunbeams,73,0.3565331908549266,-0.3087596773974151,,0.471644415389127,
1034,Sunbeams,74,0.277313579850418,-0.3888006476418694,,0.47756545643104387,
1035,Sunbeams,75,0.3198688068553673,-0.4830264154345254,,0.5793363199442988,
1036,Sunbeams,76,0.3817395586210361,-0.5618366973412114,,0.6792536824305507,
1037,Sunbeams,77,0.4349519440605007,-0.6483846173469143,,0.7807597618052006,
1038,Sunbeams,78,0.497322668844718,-0.7263604346654929,,0.8803006974859653,
1039,Sunbeams,79,0.5603150710002616,-0.8034785666371107,,0.9795564229972943,
1070,Tacos,58,0.9142937277359594,-0.9414597485937936,,1.3123564602651239,1001.4824050560092
1071,Tacos,59,0.8282330581818605,-0.8834734619785605,,1.2109894122929648,
1072,Tacos,60,0.7408765556852284,-0.8270058782201695,,1.1103318393051336,
1073,Tacos,61,0.6592637659226378,-0.7652166907890683,,1.01004222531569,
1074,Tacos,62,0.5963344620806181,-0.6905643459442985,,0.9124110403510345,
1075,Tacos,63,0.5119593083437577,-0.6316911370762316,,0.8131027155658018,
1076,Tacos,64,0.4264133244787024,-0.5741298554456621,,0.7151597123769179,
1077,Tacos,65,0.3405375963188334,-0.5170838039438663,,0.6191457944682073,
1078,Tacos,66,0.2925950041663357,-0.4368929926778927,,0.525820619141303,
1079,Tacos,67,0.2094238453254231,-0.377673493857233,,0.4318513806313651,
1080,Tacos,68,0.1257454318605083,-0.3191293713479582,,0.3430094303233204,
1081,Tacos,69,0.0404906444738027,-0.2622931013883401,,0.2654000062656705,
1082,Tacos,70,-0.0407157384199795,-0.2019419306434243,,0.20600561814445204,
1083,Tacos,71,0.0150530986637428,-0.1469077298601341,,0.14767693412323574,
1084,Tacos,72,-0.0551611930741644,-0.0784968201245218,,0.0959401271159611,
1085,Tacos,73,-0.0022201422885038,-0.0212347205772184,,0.021350465797582624,
1086,Tacos,74,8.70579255786e-05,0.0615384839620288,,0.0615385455420201,
1087,Tacos,75,0.0559158011893307,-0.0241434037180205,,0.06090550685887182,
1088,Tacos,76,0.1213998447698102,0.0183413065568169,,0.12277754614075469,
1089,Tacos,77,0.1761185243279404,-0.068199854315481,,0.18886226393884029,
1090,Tacos,78,0.2308193314074803,-0.1545394494329905,,0.27777689821590285,
1091,Tacos,79,0.2850354139294013,-0.2411400145073723,,0.3733546488133245,
1122,Tigers,58,1.0,1.0,,1.4142135623730951,1318.4437776577133
1123,Tigers,59,1.0,1.0,0.026408875553154264,1.4142135623730951,1320.4437776577133
1124,Tigers,60,1.0,1.0,0.026628875553154265,1.4142135623730951,1331.4437776577133
1125,Tigers,61,1.0,1.0,0.026902713239846533,1.4142135623730951,1345.1356619923267
1126,Tigers,62,1.0,1.0,0.027237834545150122,1.4142135623730951,1361.8917272575063
1127,Tigers,63,1.0,1.0,0.027311218471134924,1.4142135623730951,1365.5609235567463
1128,Tigers,64,1.0,1.0,0.027591218471134923,1.4142135623730951,1379.5609235567463
1129,Tigers,65,1.0,1.0,0.02793121847113492,1.4142135623730951,1396.5609235567463
1130,Tigers,66,1.0,1.0,0.028231218471134925,1.4142135623730951,1411.5609235567463
1131,Tigers,67,1.0,1.0,0.028671218471134925,1.4142135623730951,1433.5609235567463
1132,Tigers,68,1.0,1.0,0.028691218471134927,1.4142135623730951,1434.5609235567463
1133,Tigers,69,1.0,0.9744148305491042,0.021167923210024513,1.3962393283366714,1438.5609235567463
1134,Tigers,70,1.0,1.0,0.050485177476396165,1.4142135623730951,1452.042125366044
1135,Tigers,71,1.0,1.0,0.029438187252231775,1.4142135623730951,1471.9093626115887
1136,Tigers,72,1.0,1.0,0.029714427353814313,1.4142135623730951,1485.7213676907159
1137,Tigers,73,0.9057178687482542,0.9057178687482542,0.10332064135184481,1.280878493667436,1500.7213676907159
1138,Tigers,74,0.8113211736425925,0.8113200757301668,0.10340343545211639,1.1473806308647525,1504.7213676907159
1139,Tigers,75,0.7139135162041712,0.7194808760443077,0.10056195944755181,1.0135705400279194,1666.7534352829573
1140,Tigers,76,0.6190760360744405,0.6245940975022688,0.10065749795979571,0.8794162410805907,1674.8931402979822
1141,Tigers,77,0.525512665051286,0.52853977689217,0.10019958428121974,0.7453307030349212,1694.764264844149
1142,Tigers,78,0.4306358956814483,0.4336357146053692,0.10004001870070968,0.6111359976557366,1707.7657195677007
1143,Tigers,79,0.3435346074310701,0.3312467345681681,0.10049506719325299,0.47722156873395183,1704.7657195677007
1174,Wild Wings,58,-0.9909370334587144,-1.0,,1.4078196632665554,1235.5103127131886
1175,Wild Wings,59,-1.0,-1.0,,1.4142135623730951,1236.5103127131886
1176,Wild Wings,60,-1.0,-1.0,,1.4142135623730951,1248.9103127131884
1177,Wild Wings,61,-1.0,-1.0,,1.4142135623730951,1261.795063757071
1178,Wild Wings,62,-1.0,-1.0,,1.4142135623730951,1269.9062687551182
1179,Wild Wings,63,-1.0,-1.0,,1.4142135623730951,1271.8001800161092
1180,Wild Wings,64,-1.0,-1.0,,1.4142135623730951,1285.730505029938
1181,Wild Wings,65,-1.0,-1.0,,1.4142135623730951,1309.1630644057786
1182,Wild Wings,66,-1.0,-1.0,,1.4142135623730951,1326.1491892572037
1183,Wild Wings,67,-0.941524567866097,-1.0,0.08495841591904713,1.3734877181451024,1324.1491892572037
1184,Wild Wings,68,-1.0,-1.0,,1.4142135623730951,1339.1491892572037
1185,Wild Wings,69,-1.0,-1.0,,1.4142135623730951,1338.1491892572037
1186,Wild Wings,70,-1.0,-1.0,,1.4142135623730951,1344.2798117941147
1187,Wild Wings,71,-1.0,-1.0,,1.4142135623730951,1365.3833998098803
1188,Wild Wings,72,-0.948988312679636,-0.948988312679636,0.09972374962607568,1.3420721423251007,1379.116478904064
1189,Wild Wings,73,-1.0,-1.0,,1.4142135623730951,1380.9832881532448
1190,Wild Wings,74,-1.0,-1.0,,1.4142135623730951,1392.9289976002733
1191,Wild Wings,75,-1.0,-1.0,,1.4142135623730951,1410.2112519926113
1192,Wild Wings,76,-1.0,-1.0,,1.4142135623730951,1424.2112519926113
1193,Wild Wings,77,-1.0,-1.0,,1.4142135623730951,1422.6112519926112
1194,Wild Wings,78,-1.0,-1.0,,1.4142135623730951,1424.6112519926112
1195,Wild Wings,79,-1.0,-1.0,,1.4142135623730951,1442.2112519926113
1226,Worms,58,-1.0,-1.0,,1.4142135623730951,1790.6040297316665
1227,Worms,59,-1.0,-1.0,,1.4142135623730951,1810.754235362916
1228,Worms,60,-1.0,-1.0,,1.4142135623730951,1818.7714966528763
1229,Worms,61,-1.0,-1.0,,1.4142135623730951,1839.8268944625358
1230,Worms,62,-1.0,-1.0,,1.4142135623730951,1848.1546517704007
1231,Worms,63,-1.0,-1.0,,1.4142135623730951,1857.2734123527032
1232,Worms,64,-1.0,-1.0,,1.4142135623730951,1854.2734123527032
1233,Worms,65,-1.0,-1.0,,1.4142135623730951,1856.7734123527032
1234,Worms,66,-1.0,-1.0,,1.4142135623730951,1859.7734123527032
1235,Worms,67,-1.0,-1.0,,1.4142135623730951,1865.96341079139
1236,Worms,68,-0.9562051010438888,-0.9562051010438888,0.0994156961419094,1.3522782223066032,1874.0178037708804
1237,Worms,69,-1.0,-1.0,,1.4142135623730951,1895.9470475957214
1238,Worms,70,-1.0,-1.0,,1.4142135623730951,1903.232996675413
1239,Worms,71,-0.9569054848898167,-0.9570454903713312,0.09934612874556728,1.353367717086645,1925.0099650302984
1240,Worms,72,-1.0,-1.0,,1.4142135623730951,1939.8751537028004
1241,Worms,73,-1.0,-1.0,,1.4142135623730951,1957.705104440983
1242,Worms,74,-1.0,-1.0,,1.4142135623730951,1976.4981043885257
1243,Worms,75,-0.9579647775323676,-0.9579647775323676,0.0991355792960114,1.3547667806619992,1984.4398792457732
1244,Worms,76,-1.0,-1.0,,1.4142135623730951,2001.4398792457732
1245,Worms,77,-0.9584314680079508,-0.9584314680079508,0.09934000000000005,1.355426780661999,2027.660914445207
1246,Worms,78,-1.0,-1.0,,1.4142135623730951,2044.660914445207
1247,Worms,79,-1.0,-1.0,,1.4142135623730951,2060.660914445207
1248,Artists,73,0.9301803866205348,0.9720771197390066,,1.3454253893745318,0.0
1249,Artists,74,0.9932216480258016,0.8943641262222556,0.10006752720489179,1.3365539391960162,0.0
1250,Artists,75,0.921723528826073,0.8235089602080446,0.10065999999999994,1.2360183134300735,0.0
1251,Artists,76,0.92125473527678,0.8230443823263699,1.4326152578251811e-05,1.2353591957600372,33.0
1252,Artists,77,0.9207859417274872,0.8225798044446951,1.4329723050693056e-05,1.2347000790326566,33.0
1253,Artists,78,0.9203171481781944,0.8221152265630204,1.4333295302983423e-05,1.2340409632494422,33.0
1254,Artists,79,0.9198483546289016,0.8216506486813456,1.4336869336299368e-05,1.2333818484119075,33.0
1255,Boar,73,0.915408263508784,0.918625664975816,,1.296859823285627,0.0
1256,Boar,74,0.8360595622576888,0.8392535750779884,0.11223254895521344,1.1846274329609723,0.0
1257,Boar,75,0.8274111186321773,0.8306025822564654,0.012232548955213397,1.1723949031308774,0.0
1258,Boar,76,0.8187626750066658,0.8219515894349425,8.911975920670025e-06,1.160162373704086,611.6274477606712
1259,Boar,77,0.8101142313811542,0.8133005966134196,8.954524756485055e-06,1.1479298446934911,611.6274477606712
1260,Boar,78,0.8014657877556427,0.8046496037918967,8.997481826801583e-06,1.1356973161125412,611.6274477606712
1261,Boar,79,0.7928173441301312,0.7959986109703737,9.040853035141903e-06,1.1234647879752704,611.6274477606712
1262,Cows,73,0.9132429728907066,0.909071933546909,,1.2885746031553516,0.0
1263,Cows,74,0.9048490778722016,0.9006812466734493,0.011868491891985723,1.2767061376195434,0.0
1264,Cows,75,0.8964551828536969,0.8922905597999895,0.011868491891985645,1.2648376725783566,0.0
1265,Cows,76,0.888061287835192,0.8838998729265297,1.0825402954116657e-05,1.252969208045846,593.424594599285
1266,Cows,77,0.8796673928166872,0.8755091860530699,1.0873789418142235e-05,1.241100744036606,593.424594599285
1267,Cows,78,0.8712734977981823,0.8671184991796101,1.0922610371463831e-05,1.2292322805657923,593.424594599285
1268,Cows,79,0.8628796027796775,0.8587278123061504,1.0971871692761296e-05,1.2173638176491532,593.424594599285
1269,Crabs Old,73,0.9409963683144168,0.98888403641735,,1.3650515750923085,
1270,Crabs Old,74,0.8618520954090376,0.9093933567912706,,1.2529107357417943,
1271,Crabs Old,75,0.8532639234664918,0.9007675952623884,,1.2407423518862475,
1272,Crabs Old,76,0.844675751523946,0.8921418337335059,,1.2285740420137183,
1273,Crabs Old,77,0.8360875795814002,0.8835160722046235,,1.2164058083444726,
1274,Crabs Old,78,0.8274994076388544,0.8748903106757411,,1.2042376531885015,
1275,Crabs Old,79,0.8189112356963086,0.8662645491468587,,1.1920695789500986,
1276,Excavators,73,0.944951078744628,0.96920723487244,,1.353622992324568,0.0
1277,Excavators,74,0.9370391085446416,0.961277730196231,0.01120162117086158,1.342422126424231,0.0
1278,Excavators,75,0.9291271383446552,0.953348225520022,0.011201621170861502,1.3312212732339814,0.0
1279,Excavators,76,0.8441821650707789,1.0,0.0948462948630325,1.3086800708437445,560.0810585430823
1280,Excavators,77,0.7593676587940845,1.0,0.07787142471614078,1.2556429592931302,560.0810585430823
1281,Excavators,78,0.7515349892936778,0.9919921535134036,0.0005945830221050941,1.2445293378481717,560.0810585430823
1282,Excavators,79,0.7437023197932711,0.9839843070268072,0.0005971027982826837,1.2334173085135942,560.0810585430823
1283,Fireballs,73,0.9392333456924482,0.9093155460388288,,1.3072926374490614,0.0
1284,Fireballs,74,0.8526738468013295,0.9630927212890966,0.10190452112727676,1.2863126675964187,0.0
1285,Fireballs,75,0.7622347615608004,1.0,0.09767996396901461,1.2573789531130424,0.0
1286,Fireballs,76,0.7547504681805577,0.9923503594739712,0.0005607077608231022,1.2467587999155614,535.0972985799044
1287,Fireballs,77,0.6725696128627283,0.9182144524359458,0.10006175720017585,1.1381861292462512,535.0972985799044
1288,Fireballs,78,0.7630952963387374,0.8906938249881043,0.09978703217044353,1.1728810345325928,535.0972985799044
1289,Fireballs,79,0.6792412174348439,0.947684732147942,0.10072677842631354,1.1659652580624713,535.0972985799044
1290,Heartthrobs,73,0.9973960702116031,0.9117442065572338,,1.351323950451641,0.0
1291,Heartthrobs,74,1.0,0.826771023653227,0.0850130711313307,1.297516984687524,0.0
1292,Heartthrobs,75,0.920800058064984,0.7488183294334951,0.11112719441534066,1.1868452457789298,0.0
1293,Heartthrobs,76,0.9128697476109936,0.7410129062124189,0.00043463425819684757,1.17576838844933,556.3597207670318
1294,Heartthrobs,77,0.904939437157003,0.7332074829913426,0.00043651139125646076,1.1646924907616316,556.3597207670318
1295,Heartthrobs,78,0.825739495221987,0.6552547887716109,0.10001039127065714,1.0541368754472022,556.3597207670318
1296,Heartthrobs,79,0.8178091847679965,0.6474493655505347,0.0004582556257877693,1.0430736041347632,556.3597207670318
1297,Hedgehogs,73,0.914160538908463,0.9070875343256936,,1.287826574437132,
1298,Hedgehogs,74,0.8342238066260759,0.8272026056494335,,1.1748163730281054,
1299,Hedgehogs,75,0.8250206684691084,0.8180054316560064,0.013010986180978106,1.1618054869985526,0.0
1300,Hedgehogs,76,0.8158175303121409,0.8088082576625792,2.0943207876492217e-05,1.1487946032375753,650.5493090489032
1301,Hedgehogs,77,0.8066143921551734,0.7996110836691521,2.1050067696616542e-05,1.1357837218231364,650.5493090489032
1302,Hedgehogs,78,0.7974112539982059,0.790413909675725,2.1158023583078534e-05,1.122772842836812,650.5493090489032
1303,Hedgehogs,79,0.7882081158412384,0.7812167356822979,2.1267092486397296e-05,1.1097619663640037,650.5493090489032
1304,Immortals,73,0.9347553254891344,0.9725859658531948,,1.3489592208457932,0.0
1305,Immortals,74,0.8268138443715488,0.9526143468359214,0.10977353466127074,1.2613862323024176,0.0
1306,Immortals,75,0.7479596229490346,0.8728438908850426,0.11216645612107926,1.149478166568379,0.0
1307,Immortals,76,0.6691054015265203,0.7930734349341637,0.10000614650796498,1.0376259015417064,608.3228060539664
1308,Immortals,77,0.6091548378626325,0.6986403362158056,0.09994152969502328,0.926913122077352,608.3228060539664
1309,Immortals,78,0.5301749630293155,0.6189942864074466,0.10000392897622776,0.8150088453680734,608.3228060539664
1310,Immortals,79,0.4511950881959986,0.5393482365990876,0.10000435657520722,0.7031881170318084,608.3228060539664
1311,Lobsters,73,0.9942054022831738,0.9895533914453376,,1.402733152260264,0.0
1312,Lobsters,74,0.9149824838202992,0.9103639948116272,0.11201442473622034,1.2907190045658072,0.0
1313,Lobsters,75,0.8357595653574245,0.8311745981779171,0.11201442473622034,1.1787049095268303,0.0
1314,Lobsters,76,0.8272622866051804,0.8226809149045095,1.2537988143158288e-05,1.1666905239125551,600.7212368110164
1315,Lobsters,77,0.8187650078529364,0.8141872316311018,1.2596627025226316e-05,1.1546761391124079,600.7212368110164
1316,Lobsters,78,0.8102677291006923,0.8056935483576942,1.2655816980429512e-05,1.1426617551520681,600.7212368110164
1317,Lobsters,79,0.7310448106378177,0.726504151723984,0.10000000816642828,1.030647756332234,600.7212368110164
1318,Psychics,73,0.9541133704172104,0.9098407745016864,,1.31838634646856,0.0
1319,Psychics,74,1.0,0.8244219422027604,0.09696370292939611,1.296021426823404,0.0
1320,Psychics,75,0.9201993347904616,0.7458950266121691,0.11195812895925286,1.1845362833081883,0.0
1321,Psychics,76,0.911675910413147,0.7375076500801228,0.0004740724444694529,1.1726340006815192,597.9064479626459
1322,Psychics,77,0.9731229891248644,0.8005634586497202,0.09998423090153849,1.2601072189653202,597.9064479626459
1323,Psychics,78,0.964600570273218,0.7921750604043324,0.0004536647376931192,1.2481969341806705,597.9064479626459
1324,Psychics,79,0.9560781514215716,0.7837866621589445,0.0004557132582711919,1.2362875731009955,597.9064479626459
1325,Saltines,73,0.9973808950650246,0.9947498451773402,,1.408650383992086,0.0
1326,Saltines,74,0.9185382190934792,0.9159260317891444,0.11148704458999355,1.297163426729427,0.0
1327,Saltines,75,0.8396955431219336,0.8371022184009485,0.11148704458999387,1.185676485889228,0.0
1328,Saltines,76,0.8315720043034972,0.8289806230848876,6.757652232776069e-06,1.1741894531086303,574.3522294996867
1329,Saltines,77,0.8234484654850608,0.8208590277688268,6.78777563227538e-06,1.162702420561377,574.3522294996867
1330,Saltines,78,0.8153249266666244,0.812737432452766,6.818168794741864e-06,1.151215388254453,574.3522294996867
1331,Saltines,79,0.807201387848188,0.8046158371367051,6.848835360173297e-06,1.1397283561951248,574.3522294996867
1332,Squirrels,73,0.989406504364578,0.9421347783367487,,1.3662149067517044,0.0
1333,Squirrels,74,0.9106545821359904,0.8637216131912009,0.11113275719984848,1.2551122631298308,0.0
1334,Squirrels,75,0.8318964791544408,0.7853146560442446,0.11113275716141044,1.1440152363615814,0.0
1335,Squirrels,76,0.7531446018641939,0.7069014457662415,0.10000077725243256,1.0329261567719048,556.6378599924135
1336,Squirrels,77,0.6743927245739469,0.6284882354882384,0.10000085297215523,0.9218476062264255,556.6378599924135
1337,Squirrels,78,0.6665037317063628,0.6206331686899241,0.00013135255854414748,0.9107210080241934,556.6378599924135
1338,Squirrels,79,0.6586147388387786,0.6127781018916099,0.00013198462944403252,0.8995945622187568,556.6378599924135
1339,Truckers,73,0.9354476653582816,0.9648295509610992,,1.343859515363141,0.0
1340,Truckers,74,0.8569082366151561,0.8860790987115515,0.11122084155770794,1.232650759604022,0.0
1341,Truckers,75,0.848984555463164,0.8781341278327658,0.011220841557708118,1.221431259580169,0.0
1342,Truckers,76,0.8410608743111718,0.87018915695398,7.30123460671674e-05,1.2102117844316966,561.0420778854057
1343,Truckers,77,0.8331371931591797,0.8622441860751943,7.332586183437388e-05,1.1989923348569125,561.0420778854057
1344,Truckers,78,0.8252135120071875,0.8542992151964085,7.36420816491741e-05,1.1877729115805076,561.0420778854057
1345,Truckers,79,0.8172898308551954,0.8463542443176227,7.396104064579777e-05,1.176553515354813,561.0420778854057
1346,Whales,73,0.9861669265139542,0.9600970105969588,,1.3763398841518746,0.0
1347,Whales,74,0.9015575295831204,1.0,0.09354677232432236,1.3464048347907918,0.0
1348,Whales,75,0.8170933916431444,1.0,0.08446413793997598,1.2913719877196101,0.0
1349,Whales,76,0.8097738848803085,0.9925567274427533,0.00041389712020861117,1.280977205818283,521.9614104813305
1350,Whales,77,0.7256297978548518,1.0,0.07883283450455524,1.2355317088342463,521.9614104813305
1351,Whales,78,0.6417379576567684,1.0,0.07768850795201257,1.188203520571068,521.9614104813305
1352,Whales,79,0.5581247851552269,1.0,0.07763551676427584,1.1452088350185603,521.9614104813305
1353,Breath Mints,73,0.9597916851446512,0.9240839993843868,,1.332340540849468,20.217889392430834
1354,Breath Mints,74,0.8932608627568701,0.8577771856406842,0.09352618134198457,1.2384250761102993,20.217889392430834
1355,Breath Mints,75,0.82673025282983,0.7914701587203873,0.09352618226931522,1.144512089533767,20.217889392430834
1356,Breath Mints,76,0.7602075065861477,0.7251552425295034,0.09999979444387763,1.050602483738712,-303.4736573618917
1357,Breath Mints,77,0.6937007722364266,0.6589280671472831,0.09992653426011983,0.95676902075468,-303.4736573618917
1358,Breath Mints,78,0.6277482758969595,0.59223662338048,0.09986357279975919,0.8630249799193055,-303.4736573618917
1359,Breath Mints,79,0.5613705294888656,0.5260813453089721,0.09985760312882067,0.7693493700918376,-307.1372407055891
1360,Fridays,73,0.994954668899806,0.9220126577315232,,1.3564815274019286,-894.0986838894546
1361,Fridays,74,0.9381167684634768,0.8652956694835354,0.09817506093875916,1.2762443601831572,-894.0986838894546
1362,Fridays,75,0.881223881060473,0.8086138465283892,0.09818923874316166,1.19599827815458,-894.0986838894546
1363,Fridays,76,0.8242289159864072,0.7520182219692095,0.10002353637811233,1.1157440172915376,-985.2281589959628
1364,Fridays,77,0.7672435076378872,0.6954129751931801,0.10000921078758283,1.0355007513659849,-984.5215405958745
1365,Fridays,78,0.7102580992893671,0.6388077284171507,0.09999744385017344,0.955270580250237,-983.9413826418166
1366,Fridays,79,0.6532726909408471,0.5822024816411213,0.09999726127412166,0.8750571057697752,-983.9413826418166
