,Team,Day,X,Y,corrected_speed,speed
30,Crabs,58,-1.0,-1.0,,
31,Crabs,59,-1.0,-1.0,,0.0
32,Crabs,60,-1.0,-1.0,,0.0
33,Crabs,61,-0.9336364346804806,-0.9343845362824896,,0.09332476563475546
34,Crabs,62,-0.986248025269775,-1.0,0.07748211857828392,0.08410332064311993
35,Crabs,63,-1.0,-1.0,0.007076640286530371,0.013751974730225047
36,Crabs,64,-1.0,-1.0,,0.0
37,Crabs,65,-1.0,-1.0,,0.0
38,Crabs,66,-1.0,-1.0,,0.0
39,Crabs,67,-1.0,-1.0,,0.0
40,Crabs,68,-0.9343018738881036,-0.9343054312649252,,0.09290866555872018
41,Crabs,69,-1.0,-1.0,0.0858573311150255,0.09290866555872018
42,Crabs,70,-1.0,-1.0,,0.0
43,Crabs,71,-0.9788934954841584,-1.0,,0.021106504515841618
44,Crabs,72,-1.0,-1.0,0.01410717007214694,0.021106504515841618
45,Crabs,73,-1.0,-1.0,,0.0
46,Crabs,74,-1.0,-1.0,,0.0
47,Crabs,75,-1.0,-1.0,,0.0
48,Crabs,76,-1.0,-1.0,,0.0
49,Crabs,77,-1.0,-1.0,,0.0
50,Crabs,78,-1.0,-1.0,,0.0
51,Crabs,79,-0.9351384949292864,-0.9351384949292864,,0.09172802014693451
82,Dale,58,-0.9480678986788426,-0.9479115610490806,,
83,Dale,59,-1.0,-1.0,0.04713757010698469,0.07355371248261111
84,Dale,60,-1.0,-1.0,,0.0
85,Dale,61,-1.0,-1.0,,0.0
86,Dale,62,-0.9487093685874436,-0.9487093685874436,,0.07253590656631677
87,Dale,63,-1.0,-1.0,0.045449597079045556,0.07253590656631677
88,Dale,64,-1.0,-1.0,,0.0
89,Dale,65,-1.0,-1.0,,0.0
90,Dale,66,-1.0,-1.0,,0.0
91,Dale,67,-1.0,-1.0,,0.0
92,Dale,68,-1.0,-1.0,,0.0
93,Dale,69,-1.0,-1.0,,0.0
94,Dale,70,-1.0,-1.0,,0.0
95,Dale,71,-1.0,-1.0,,0.0
96,Dale,72,-1.0,-1.0,,0.0
97,Dale,73,-1.0,-1.0,,0.0
98,Dale,74,-1.0,-1.0,,0.0
99,Dale,75,-0.9502924224819688,-0.9502924224819688,,0.07029713027871172
100,Dale,76,-0.9891047096300216,-0.872905720203893,0.10001140117011476,0.08657421858231493
101,Dale,77,-1.0,-0.9654063378071944,0.06345914102422898,0.09314006446872548
102,Dale,78,-1.0,-1.0,0.004870792471517369,0.034593662192805574
103,Dale,79,-1.0,-1.0,,0.0
134,Firefighters,58,0.7172177331266186,-0.6198881745604611,,
135,Firefighters,59,0.652992474867141,-0.5441259708565005,,0.0993216759251324
136,Firefighters,60,0.5988093903859578,-0.4585678486849349,,0.10127190584470885
137,Firefighters,61,0.5394380511106102,-0.3775202965647232,,0.10046721670289702
138,Firefighters,62,0.449779127240088,-0.3569665196684965,,0.09198467467094695
139,Firefighters,63,0.3842633621344173,-0.2820984955372368,,0.0994863634610307
140,Firefighters,64,0.3068349563548201,-0.2238444601120212,,0.09689525615267362
141,Firefighters,65,0.2452428889774782,-0.14450322447075,,0.10044209494479267
142,Firefighters,66,0.1592543849789286,-0.1048808688049712,,0.09467815951112513
143,Firefighters,67,0.0683593421525435,-0.0942995075610366,,0.0915088739750688
144,Firefighters,68,0.0058296756059707,-0.0155580522438401,,0.10054937087767202
145,Firefighters,69,-0.0719513753191498,-0.0567803663136701,,0.08802937612120111
146,Firefighters,70,0.0318934815117549,-0.0783605624662712,,0.10606346758528985
147,Firefighters,71,0.1090449947775859,-0.1426729689443079,,0.10044123469075793
148,Firefighters,72,0.1891962250564939,-0.2041149686104577,,0.10099177708208569
149,Firefighters,73,0.2680677444863995,-0.2669768063187864,,0.10085795564679184
150,Firefighters,74,0.3534132025715014,-0.3228313328100255,,0.10199791833815247
151,Firefighters,75,0.4322808770443215,-0.3859249357381821,,0.10099956835158559
152,Firefighters,76,0.3713214747148999,-0.30614434771082,,0.10040413815352414
153,Firefighters,77,0.4501355893594473,-0.3692957161792549,,0.1009938612324526
154,Firefighters,78,0.5286336577829799,-0.4328569896109443,,0.10100486239030075
155,Firefighters,79,0.6072117778959348,-0.4964494693120754,,0.10108671740156935
186,Flowers,58,0.0353545409527422,0.0436011243638879,,
187,Flowers,59,0.0883468630336637,0.0951102842491053,0.0999388819034791,0.07390114851346363
188,Flowers,60,0.1253992971991122,0.1594064209333641,0.09964096808710199,0.07420832884593066
189,Flowers,61,0.1789738396696787,0.2093049340034793,0.09928913500015168,0.07321265742710745
190,Flowers,62,0.2371498398456339,0.2535321043017096,0.09932672859456895,0.0730786534431321
191,Flowers,63,0.2944790505415875,0.2987859912380681,0.09968888001717618,0.07303802216564852
192,Flowers,64,0.3540308605859373,0.3413180376037117,0.10001186746089447,0.07318055102011448
193,Flowers,65,0.3888828734275693,0.4062880625714298,0.09995140249775215,0.07372765385809582
194,Flowers,66,0.4485306060380788,0.4485981670278999,0.09991847100203176,0.07313000030556717
195,Flowers,67,0.5110865613974295,0.4869282109764053,0.09994085944526214,0.0733651130989071
196,Flowers,68,0.5691143589503481,0.5304437440518093,0.09950796517505689,0.07253155801221346
197,Flowers,69,0.6201241692884079,0.5818144564892105,0.09957656110130163,0.07239441171147806
198,Flowers,70,0.6736969533429092,0.6305042498474769,0.10004700310933372,0.0723929497162598
199,Flowers,71,0.7262871096463713,0.6801751064666844,0.09994239912283995,0.07233891440510044
200,Flowers,72,0.7796025073120905,0.7286421835104748,0.09966921768446431,0.07205268340195584
201,Flowers,73,0.8219544367655052,0.7870818385331261,0.09954236100786315,0.0721725654774271
202,Flowers,74,0.8730795404218277,0.837198926498238,0.09956070683892887,0.07159258851286554
203,Flowers,75,0.9232470959249997,0.8877116770306016,0.09927853682515544,0.07119214557455505
204,Flowers,76,0.9742070687014756,0.9368826990812856,0.09922198454648243,0.07081460467225684
205,Flowers,77,1.0,0.9363193380387506,0.050334621639859224,0.02579908294173745
206,Flowers,78,1.0,0.986618105234221,0.07364985014030315,0.05029876719547044
207,Flowers,79,1.0,1.0,0.039893925901262894,0.013381894765779001
238,Garages,58,1.0,0.9857084086341942,,
239,Garages,59,1.0,1.0,0.03907548805889893,0.014291591365805822
240,Garages,60,1.0,1.0,0.027648075358482283,0.0
241,Garages,61,1.0,1.0,0.027968075358482284,0.0
242,Garages,62,0.9711581112823204,0.8801922622244217,0.10044126735511304,0.12323046934790415
243,Garages,63,1.0,0.9309643543397658,0.08580884579525912,0.05839229300662883
244,Garages,64,1.0,0.9814493933217644,0.0732480789141287,0.05048503898199863
245,Garages,65,1.0,1.0,0.04389833838261498,0.018550606678235604
246,Garages,66,1.0,1.0,0.029076378570900605,0.0
247,Garages,67,1.0,1.0,0.02964545393142154,0.0
248,Garages,68,1.0,1.0,0.03005346101537314,0.0
249,Garages,69,1.0,1.0,0.03044118765231841,0.0
250,Garages,70,1.0,0.8963332910049513,0.08474364255132638,0.1036667089950487
251,Garages,71,1.0,0.9453108700126392,0.07397980101862817,0.048977579007687955
252,Garages,72,1.0,0.994005138460515,0.07395521254239333,0.04869426844787572
253,Garages,73,1.0,1.0,0.035944082709237296,0.00599486153948503
254,Garages,74,0.9066077154361692,0.9066109541074284,0.10055735221282028,0.13207434538462184
255,Garages,75,0.8132453483611981,0.8132485592314098,0.10023400000001031,0.13203434539099015
256,Garages,76,0.7198526756745405,0.7199164829521728,0.0999600000138247,0.13203434316173382
257,Garages,77,0.6261792360024271,0.6262400783072104,0.10044199999660477,0.13247634538743813
258,Garages,78,0.5322783494762917,0.5323385721488537,0.10076200000500699,0.132796345390986
259,Garages,79,0.4393306016861663,0.4371787853111618,0.10054792488260045,0.13302130975994686
290,Georgias,58,-1.0,1.0,,
291,Georgias,59,-1.0,1.0,0.001429790825452749,0.0
292,Georgias,60,-1.0,1.0,0.001165790825452749,0.0
293,Georgias,61,-1.0,1.0,0.000805790825452749,0.0
294,Georgias,62,-1.0,1.0,0.0008257908254527491,0.0
295,Georgias,63,-1.0,1.0,0.0008537908254527498,0.0
296,Georgias,64,-1.0,1.0,0.0008337908254527497,0.0
297,Georgias,65,-1.0,0.9999951943640372,0.0006185964614155844,4.805635962834565e-06
298,Georgias,66,-1.0,0.9997582015798304,0.0005907836096594962,0.00023699278420674652
299,Georgias,67,-1.0,0.9993354627286078,0.00041652967667532017,0.0004227388512225705
300,Georgias,68,-1.0,1.0,0.0009707464459394019,0.0006645372713921516
301,Georgias,69,-1.0,1.0,0.0005462091745472503,0.0
302,Georgias,70,-1.0,1.0,0.0005462091745472503,0.0
303,Georgias,71,-1.0,1.0,0.0006062091745472504,0.0
304,Georgias,72,-1.0,1.0,0.0006102091745472512,0.0
305,Georgias,73,-1.0,1.0,0.0008702091745472513,0.0
306,Georgias,74,-1.0,1.0,0.0008522091745472506,0.0
307,Georgias,75,-1.0,1.0,0.0007522091745472506,0.0
308,Georgias,76,-1.0,1.0,0.0010714484993507485,0.0
309,Georgias,77,-1.0,1.0,0.0009803348741510298,0.0
310,Georgias,78,-1.0,1.0,0.0010999691221657976,0.0
311,Georgias,79,-1.0,1.0,0.0010877639611254722,0.0
342,Jazz Hands,58,0.8028162424767511,0.7955999855638661,,
343,Jazz Hands,59,0.8478615659779616,0.8596997819616348,0.09930528408029751,0.07834452800013604
344,Jazz Hands,60,0.8970240491643626,0.920103763106398,0.09933264561078421,0.07788190220577611
345,Jazz Hands,61,0.9392436088904376,0.9855014105637492,0.0993911994097509,0.07784178515694257
346,Jazz Hands,62,0.9942455976650528,1.0,0.07678666202866077,0.05688082159044353
347,Jazz Hands,63,1.0,1.0,0.026920283131720686,0.005754402334947173
348,Jazz Hands,64,1.0,0.9131173823246088,0.07269091560386515,0.08688261767539118
349,Jazz Hands,65,1.0,0.9480675221390356,0.05342621399445721,0.03495013981442674
350,Jazz Hands,66,1.0,1.0,0.06999027065777136,0.05193247786096444
351,Jazz Hands,67,1.0,1.0,0.02342320830568715,0.0
352,Jazz Hands,68,1.0,1.0,0.023552026970845352,0.0
353,Jazz Hands,69,1.0,1.0,0.023863821316204237,0.0
354,Jazz Hands,70,0.9056368810466346,1.0,0.07915389419467014,0.09436311895336535
355,Jazz Hands,71,0.9461533809656432,1.0,0.05983614144006597,0.04051649991900852
356,Jazz Hands,72,0.8890802632892577,1.0,0.04379126411926972,0.057073117676385454
357,Jazz Hands,73,0.8711642430115927,1.0,0.01765690592087663,0.017916020277665035
358,Jazz Hands,74,0.9236201922506956,1.0,0.07135676895116182,0.052455949239102906
359,Jazz Hands,75,0.8378907295828215,0.9087702680321988,0.10045659813521676,0.1251894754531676
360,Jazz Hands,76,0.8909082525618205,0.9611466593448226,0.09933628235450791,0.0745261303823147
361,Jazz Hands,77,0.94376765482504,1.0,0.09054190731043305,0.06560257988594746
362,Jazz Hands,78,0.9965662047118394,1.0,0.07287997109728492,0.05279854988679944
363,Jazz Hands,79,1.0,1.0,0.028245406194673573,0.0034337952881605682
394,Lift,58,-0.941049141437966,-1.0,,
395,Lift,59,-1.0,-1.0,0.032924538079542445,0.05895085856203397
396,Lift,60,-1.0,-1.0,,0.0
397,Lift,61,-1.0,-1.0,,0.0
398,Lift,62,-1.0,-1.0,,0.0
399,Lift,63,-0.9481796705117908,-0.9481796705117908,,0.07328501276886795
400,Lift,64,-1.0,-1.0,0.04655002553773588,0.07328501276886795
401,Lift,65,-1.0,-1.0,,0.0
402,Lift,66,-1.0,-1.0,,0.0
403,Lift,67,-1.0,-1.0,,0.0
404,Lift,68,-0.942622397844696,-1.0,,0.057377602155303964
405,Lift,69,-0.962614352607006,-1.0,0.007871528069433927,0.01999195476230997
406,Lift,70,-1.0,-1.0,0.009182164561250095,0.03738564739299399
407,Lift,71,-1.0,-1.0,,0.0
408,Lift,72,-1.0,-1.0,,0.0
409,Lift,73,-1.0,-1.0,,0.0
410,Lift,74,-1.0,-1.0,,0.0
411,Lift,75,-0.949692607337586,-0.949692607337586,,0.07114539699081464
412,Lift,76,-1.0,-1.0,0.04255079398162913,0.07114539699081464
413,Lift,77,-1.0,-1.0,,0.0
414,Lift,78,-1.0,-1.0,,0.0
415,Lift,79,-1.0,-1.0,,0.0
446,Lovers,58,1.0,-0.8556976172719605,,
447,Lovers,59,1.0,-0.9164459000391656,0.06072516290701392,0.06074828276720512
448,Lovers,60,1.0,-0.8775567006567234,0.04033951284496819,0.038889199382442174
449,Lovers,61,1.0,-0.9544418179233009,0.0768724899940137,0.07688511726657743
450,Lovers,62,1.0,-1.0,0.046323140221792895,0.04555818207669915
451,Lovers,63,0.9213925413079403,-0.935719246627842,0.09417288875738657,0.10154382214648051
452,Lovers,64,0.914886914737782,-0.8424372758777853,,0.09350855171632587
453,Lovers,65,0.9771036523648344,-0.9203185921595778,,0.09968160244868696
454,Lovers,66,0.8992156020647049,-0.855369430859726,,0.10141470274624716
455,Lovers,67,0.8200891492057231,-0.7917429402368314,,0.10153485042599887
456,Lovers,68,0.7410496895448353,-0.728134261654031,,0.10145590261061763
457,Lovers,69,0.8033840997606573,-0.8060835093249379,,0.0998081354871173
458,Lovers,70,0.7244308676897862,-0.7423659883882161,,0.10145706150267911
459,Lovers,71,0.6885459202037206,-0.6535375695910237,,0.09580301374219437
460,Lovers,72,0.6090360204465795,-0.5905360007220131,,0.10144467378501117
461,Lovers,73,0.5293796035879533,-0.5277665876407422,,0.10141569881099488
462,Lovers,74,0.5740477169496433,-0.4508135051560232,,0.08897762221588504
463,Lovers,75,0.494512142875288,-0.3881148749134006,,0.10127697555534708
464,Lovers,76,0.4079419226232901,-0.3334418450873698,,0.10238917533039066
465,Lovers,77,0.3282091827594684,-0.2711444764370302,,0.10118434635331777
466,Lovers,78,0.2485474397611624,-0.2088773203917017,,0.10110980179736014
467,Lovers,79,0.1693499433874578,-0.1462662717963858,,0.10095735158010022
498,Magic,58,0.9429972357237542,-0.9174972731352397,,
499,Magic,59,0.9166740875713736,-0.819249799073735,,0.10171270465442463
500,Magic,60,0.8440021223187941,-0.7513434595849264,,0.09946097464051634
501,Magic,61,0.8531346621990449,-0.6493789499104541,,0.10237267466379853
502,Magic,62,0.8402691891973697,-0.5484013817343353,,0.1017938587063068
503,Magic,63,0.7710154106395593,-0.4765654009177031,,0.09978223280936237
504,Magic,64,0.7094342538307917,-0.3975999631022348,,0.10013879988942653
505,Magic,65,0.6398462279864603,-0.3260053316942483,,0.09984129700357856
506,Magic,66,0.5726516348517141,-0.2519988121540847,,0.09996038355765094
507,Magic,67,0.4971058612139775,-0.1870394076871841,,0.09963377009437376
508,Magic,68,0.4236087264862181,-0.1194666424511705,,0.09983940812540819
509,Magic,69,0.3479713228958454,-0.0543093653507557,,0.0998322972841613
510,Magic,70,0.2523609958194868,-0.0790929997130873,,0.098770254509412
511,Magic,71,0.1591811562440033,-0.0442904929855654,,0.0994670647894671
512,Magic,72,0.0830719630047364,0.0205296526701178,,0.09997129877297811
513,Magic,73,0.0145793813886715,-0.0526117328401829,,0.10020427141993367
514,Magic,74,0.1008454431472535,-0.102906915258717,,0.09985709181549954
515,Magic,75,0.1838103769644304,-0.1583780744246083,,0.09980095060918102
516,Magic,76,0.2666386554391381,-0.2139880264436336,,0.09976467550512068
517,Magic,77,0.3649257982612403,-0.2262324554612164,,0.09904690043660595
518,Magic,78,0.4320596768046824,-0.30037320854739,,0.1000190427692177
519,Magic,79,0.4943889977203187,-0.3786998515065513,,0.10009998622905152
550,Mechanics,58,0.7410559464315116,-0.7055965057752372,,
551,Mechanics,59,0.6868963442200746,-0.6208364727672291,,0.10058591207132203
552,Mechanics,60,0.6191314382845786,-0.5476383348391411,,0.09974993670467168
553,Mechanics,61,0.5518715074779372,-0.4738830613909869,,0.09981852860830094
554,Mechanics,62,0.4840903444501566,-0.4005840486549404,,0.09983502055630421
555,Mechanics,63,0.4165178462246293,-0.3270249386274255,,0.09988485963587743
556,Mechanics,64,0.3488998507063217,-0.2534653818060873,,0.09991597328588432
557,Mechanics,65,0.4224020846364769,-0.3215740580342551,,0.10020663735639794
558,Mechanics,66,0.3552502611256337,-0.2475450538364388,,0.0999482909476282
559,Mechanics,67,0.2874032865615654,-0.1741693701827107,,0.09993599406194602
560,Mechanics,68,0.2195918457484386,-0.100713296850198,,0.09997092684667717
561,Mechanics,69,0.1482441189057526,-0.0309882415287379,,0.0997601196129957
562,Mechanics,70,0.05971929178612,0.0120860408336914,,0.09844815294153123
563,Mechanics,71,0.0014661217767515,-0.0641106159323355,,0.09591330626383444
564,Mechanics,72,-0.0314125634082296,0.0320629080718409,,0.10163835230303071
565,Mechanics,73,0.0425275923383976,-0.0353972797620599,,0.10009007730250119
566,Mechanics,74,0.1271765927544047,-0.0900573261382592,,0.10076295917288967
567,Mechanics,75,0.2000369780640676,-0.1586709190616799,,0.10008227056443826
568,Mechanics,76,0.2727485434191577,-0.2274614006293228,,0.10009546488575674
569,Mechanics,77,0.3582651304611789,-0.2807634929568138,,0.10076804903243866
570,Mechanics,78,0.4310487241737017,-0.349547431655637,,0.10014330600011694
571,Mechanics,79,0.5036745295195723,-0.4185075208055399,,0.1001498951457206
602,Millennials,58,1.0,1.0,,
603,Millennials,59,1.0,1.0,0.024118233134419156,0.0
604,Millennials,60,1.0,1.0,0.024189671038766732,0.0
605,Millennials,61,1.0,1.0,0.023809671038766734,0.0
606,Millennials,62,0.9455854111693944,0.9455854111693944,0.10054352055396466,0.07695384951519793
607,Millennials,63,1.0,1.0,0.053624178476431195,0.07695384951519793
608,Millennials,64,1.0,1.0,0.023046150484802134,0.0
609,Millennials,65,1.0,1.0,0.02272216952018635,0.0
610,Millennials,66,1.0,1.0,0.0225845094768357,0.0
611,Millennials,67,1.0,1.0,0.02230271638204095,0.0
612,Millennials,68,1.0,1.0,0.022112462958537065,0.0
613,Millennials,69,1.0,1.0,0.022218749673827594,0.0
614,Millennials,70,1.0,1.0,0.022118749673827594,0.0
615,Millennials,71,1.0,1.0,0.022118749673827594,0.0
616,Millennials,72,1.0,1.0,0.02178474967382759,0.0
617,Millennials,73,1.0,1.0,0.02180403641454248,0.0
618,Millennials,74,0.9446684811462274,0.9435626719999544,0.10067702768020997,0.07903637751345978
619,Millennials,75,0.8884699812373466,0.8873657477172735,0.10081999939584295,0.07947556662800111
620,Millennials,76,0.8271480079881889,0.8362968732181792,0.10069853688566502,0.07980234549043436
621,Millennials,77,0.7707479334019891,0.7798489854062952,0.10031996490072466,0.07979556661714951
622,Millennials,78,0.7143477806322586,0.7234011757118477,0.10005996296373092,0.07979556661713422
623,Millennials,79,0.6577497215947363,0.6667552925230382,0.10027996055779574,0.08007556661713423
654,Moist Talkers,58,1.0,1.0,,
655,Moist Talkers,59,1.0,0.9335397764036276,0.05974010420899963,0.06646022359637238
656,Moist Talkers,60,1.0,0.9967676495794088,0.07079913608021365,0.06322787317578116
657,Moist Talkers,61,1.0,1.0,0.013066362007802791,0.0032323504205912235
658,Moist Talkers,62,0.9213778264344372,0.9213778264344372,0.1002057448640535,0.11118854415967032
659,Moist Talkers,63,0.9840638720211944,0.9840638720211944,0.09984600000000025,0.08865145584033009
660,Moist Talkers,64,1.0,1.0,0.033725632479010406,0.02253708831934024
661,Moist Talkers,65,1.0,1.0,0.011348544159670168,0.0
662,Moist Talkers,66,1.0,1.0,0.011228544159670168,0.0
663,Moist Talkers,67,1.0,1.0,0.011237569807375095,0.0
664,Moist Talkers,68,1.0,1.0,0.011215476357929341,0.0
665,Moist Talkers,69,1.0,1.0,0.01115627155714627,0.0
666,Moist Talkers,70,1.0,1.0,0.0114717695643501,0.0
667,Moist Talkers,71,1.0,1.0,0.011994501684566653,0.0
668,Moist Talkers,72,0.9203142051612636,0.9203142051612636,0.10032000000000009,0.11269273178942098
669,Moist Talkers,73,0.9820356244242132,0.9820356244242132,0.10008000000000021,0.08728726821057933
670,Moist Talkers,74,0.9016153476777712,0.903063441343428,0.1000199989516947,0.11271214048415276
671,Moist Talkers,75,0.8219703029959183,0.8233369191765316,0.09997999870709193,0.11269273037424797
672,Moist Talkers,76,0.7420246044397245,0.7433736278922732,0.10036000048622107,0.11307273177317759
673,Moist Talkers,77,0.6619314116974483,0.6632702957894161,0.10058331822714668,0.11327604926740706
674,Moist Talkers,78,0.5583598877984092,0.6874336699327825,0.10007351123143224,0.10635285239598204
675,Moist Talkers,79,0.4738425334050071,0.6119314725425568,0.10012353716267143,0.11333033576413926
706,Paws,58,0.6669133153372131,-0.9629432186433892,,
707,Paws,59,0.7247344488749663,-1.0,0.08437459467647232,0.06867669566965455
708,Paws,60,0.7422796498998444,-1.0,0.0357462667345384,0.01754520102487811
709,Paws,61,0.8000449717324589,-1.0,0.0759063875422748,0.057765321832614513
710,Paws,62,0.8575610980162718,-1.0,0.07565719199347315,0.05751612628381286
711,Paws,63,0.9146117232897852,-1.0,0.07523169098317374,0.057050625273513456
712,Paws,64,0.9711853424187544,-1.0,0.07475468483862947,0.05657361912896919
713,Paws,65,1.0,-1.0,0.04727572329090586,0.028814657581245573
714,Paws,66,1.0,-1.0,0.018755065709660287,0.0
715,Paws,67,1.0,-1.0,,0.0
716,Paws,68,0.9142319317688734,-0.9416090047006404,,0.10375774602481025
717,Paws,69,0.9700198655718542,-1.0,,0.08075767387719636
718,Paws,70,0.8843099750171858,-0.9415765025553628,,0.10372796340696541
719,Paws,71,0.7990782490045211,-0.8828389433213036,,0.1035111007760644
720,Paws,72,0.8549458830222606,-0.9659896600938058,,0.10017601624401404
721,Paws,73,0.9110863342266295,-1.0,,0.06563881079030146
722,Paws,74,0.8770180041899425,-1.0,,0.03406833003668708
723,Paws,75,0.9330100270406432,-1.0,,0.05599202285070071
724,Paws,76,0.9881739649045193,-1.0,,0.05516393786387608
725,Paws,77,1.0,-1.0,,0.011826035095480747
726,Paws,78,0.9143633096901074,-0.9412390247352712,,0.10385805188474569
727,Paws,79,0.9683743039951712,-1.0,,0.0798125285897127
758,Pies,58,-1.0,-1.0,,
759,Pies,59,-1.0,-1.0,,0.0
760,Pies,60,-1.0,-1.0,,0.0
761,Pies,61,-1.0,-1.0,,0.0
762,Pies,62,-1.0,-1.0,,0.0
763,Pies,63,-1.0,-1.0,,0.0
764,Pies,64,-1.0,-1.0,,0.0
765,Pies,65,-1.0,-1.0,,0.0
766,Pies,66,-1.0,-1.0,,0.0
767,Pies,67,-1.0,-1.0,,0.0
768,Pies,68,-1.0,-1.0,,0.0
769,Pies,69,-1.0,-0.9233764990870864,,0.07662350091291359
770,Pies,70,-1.0,-1.0,0.058428800360422924,0.07662350091291359
771,Pies,71,-1.0,-1.0,,0.0
772,Pies,72,-1.0,-1.0,,0.0
773,Pies,73,-1.0,-1.0,,0.0
774,Pies,74,-0.9573164467843114,-1.0,,0.04268355321568862
775,Pies,75,-1.0,-1.0,0.024763256970768255,0.04268355321568862
776,Pies,76,-1.0,-1.0,,0.0
777,Pies,77,-1.0,-1.0,,0.0
778,Pies,78,-1.0,-1.0,,0.0
779,Pies,79,-1.0,-1.0,,0.0
810,Queens,58,-1.0,0.9574502978105984,,
811,Queens,59,-1.0,1.0,0.05663374082455302,0.04254970218940157
812,Queens,60,-1.0,1.0,0.014084038635151447,0.0
813,Queens,61,-1.0,1.0,0.014124038635151447,0.0
814,Queens,62,-1.0,0.9889602431822064,0.003204281817357881,0.011039756817793567
815,Queens,63,-1.0,1.0,0.025283795452945013,0.011039756817793567
816,Queens,64,-1.0,0.9897778550069602,0.004041893642111697,0.01022214499303975
817,Queens,65,-1.0,0.9792810016039458,0.00382718523213702,0.010496853403014428
818,Queens,66,-1.0,0.9687881764754716,0.0027148091991068806,0.01049282512847427
819,Queens,67,-1.0,0.958098385630175,0.002877843482284618,0.010689790845296532
820,Queens,68,-1.0,1.0,0.05546924869740613,0.04190161436982498
821,Queens,69,-1.0,0.9890286643413314,0.002856298668912561,0.01097133565866859
822,Queens,70,-0.938388030306574,0.9072006566363258,0.09172545915463465,0.10242976937626143
823,Queens,71,-1.0,0.8191788412895504,0.09588636154246856,0.10744242544937942
824,Queens,72,-0.9375423710034966,0.7383517641369631,0.09116707277281598,0.10214681503059782
825,Queens,73,-1.0,0.6604910166431919,0.08865891397684367,0.09981608798261767
826,Queens,74,-1.0,0.7213763163718241,0.07542093405621336,0.060885299728632214
827,Queens,75,-1.0,0.7819928209113299,0.07515213886708699,0.060616504539505844
828,Queens,76,-1.0,0.832027162303768,0.06458997572001927,0.05003434139243812
829,Queens,77,-1.0,0.8921468976987272,0.07469536972254033,0.060119735394959184
830,Queens,78,-1.0,0.9519530024498032,0.0744017390786571,0.05980610475107595
831,Queens,79,-1.0,1.0,0.06266263187777796,0.04804699755019681
862,Shoe Thieves,58,0.7311009987077846,-0.7066657666077031,,
863,Shoe Thieves,59,0.6529606622495534,-0.644256645530483,,0.10000405279505768
864,Shoe Thieves,60,0.5886146917607803,-0.5677175783246285,,0.09999316340072638
865,Shoe Thieves,61,0.5173761308465363,-0.4975112244794346,,0.10001932154023556
866,Shoe Thieves,62,0.4461929304573897,-0.4272353095244088,,0.10002875706719251
867,Shoe Thieves,63,0.4966484246798285,-0.3417821145806974,,0.09923711716549659
868,Shoe Thieves,64,0.4195859116706307,-0.2773432688902533,,0.10045394838038796
869,Shoe Thieves,65,0.3894541551696025,-0.183928454910814,,0.09815421651997687
870,Shoe Thieves,66,0.3147380278712763,-0.1170512815535417,,0.10027490211772006
871,Shoe Thieves,67,0.2392706374721856,-0.0509759695635763,,0.10030590146257613
872,Shoe Thieves,68,0.1396243227622357,-0.0268751398442803,,0.1025194519514852
873,Shoe Thieves,69,0.0641984795768322,0.039157159288067,,0.10024630840551123
874,Shoe Thieves,70,0.1029602991761707,-0.0550531273104242,,0.1018727478750893
875,Shoe Thieves,71,0.1650177816536308,-0.1340364677338983,,0.10044649917190078
876,Shoe Thieves,72,0.2364939414987792,-0.2035583151995999,,0.09971022365461571
877,Shoe Thieves,73,0.3041804583335755,-0.2771690530520047,,0.10000002644200959
878,Shoe Thieves,74,0.3780743864158903,-0.343908384371962,,0.0995713359982146
879,Shoe Thieves,75,0.445505421522197,-0.4176808828786339,,0.09994661590781792
880,Shoe Thieves,76,0.5070132661614468,-0.4968721784058159,,0.10027201124660638
881,Shoe Thieves,77,0.5836026989543335,-0.5598349167358339,,0.0991476052839927
882,Shoe Thieves,78,0.5676925330119297,-0.46402494855414,,0.09712200257043722
883,Shoe Thieves,79,0.6377681582971797,-0.5348387995112531,,0.09962527162570249
914,Spies,58,0.910680039672794,-0.944514379950362,,
915,Spies,59,0.8484109550063019,-0.8699318381657687,,0.0971596338211161
916,Spies,60,0.7592138673567015,-0.8147664853459062,,0.10487772211919179
917,Spies,61,0.6699841145889563,-0.7598394987916536,,0.10478035422217266
918,Spies,62,0.5810198025367256,-0.70489125875576,,0.10456556747786946
919,Spies,63,0.502204514479092,-0.6414002048338303,,0.10120752718906406
920,Spies,64,0.4133877276956426,-0.5867762355007864,,0.10426984051121414
921,Spies,65,0.3246002836750706,-0.5323545161675479,,0.10413901166657952
922,Spies,66,0.3775335952931469,-0.6192890694588375,,0.10178188461024117
923,Spies,67,0.3060784202147087,-0.5513525564731525,,0.09859620602307376
924,Spies,68,0.2746494473357317,-0.4696616018524651,,0.08752823774683623
925,Spies,69,0.1880065090048522,-0.4136377340527081,,0.10317786839169163
926,Spies,70,0.2421420035120811,-0.4996565413206609,,0.10163605152377488
927,Spies,71,0.1986176197187256,-0.4209473391587229,,0.08994170606320591
928,Spies,72,0.1444566296441243,-0.3456601533688348,,0.09274466663923152
929,Spies,73,0.1123755715239798,-0.2651109044876441,,0.08670280148548892
930,Spies,74,0.0397825073953759,-0.1991531566597437,,0.09808250332301115
931,Spies,75,0.0421241953017495,-0.1205708978341773,,0.0786171412885203
932,Spies,76,0.1160280096530155,-0.1753586586207831,,0.0919971331492277
933,Spies,77,0.0256091684620464,-0.1237805041007426,,0.10409549877881782
934,Spies,78,-0.0164145055094615,-0.0459041101359649,,0.0884913663077978
935,Spies,79,0.0350261684211936,0.0044001129968026,,0.07194899442960437
966,Steaks,58,1.0,1.0,,
967,Steaks,59,1.0,1.0,0.0291460896282328,0.0
968,Steaks,60,1.0,1.0,0.02961886690223472,0.0
969,Steaks,61,1.0,1.0,0.02971886690223472,0.0
970,Steaks,62,1.0,1.0,0.02997886690223472,0.0
971,Steaks,63,0.9784976840052306,0.9784976840052306,0.00037000000000005323,0.030408866902234773
972,Steaks,64,1.0,1.0,0.0605237338044695,0.030408866902234773
973,Steaks,65,0.9780256901479938,0.9780256901479938,0.0006675001142611848,0.031076367016495906
974,Steaks,66,1.0,1.0,0.06174523391873063,0.031076367016495906
975,Steaks,67,0.977587283943658,0.977587283943658,0.0006200000000001211,0.031696367016496065
976,Steaks,68,0.954933408214632,0.954933408214632,0.0006010512798073045,0.03203741829630325
977,Steaks,69,0.9972278225822164,1.0,0.09349047927193047,0.061804653399610034
978,Steaks,70,1.0,1.0,0.0340528284649837,0.0027721774177835723
979,Steaks,71,1.0,1.0,0.032294029495214975,0.0
980,Steaks,72,1.0,1.0,0.03241816932053923,0.0
981,Steaks,73,1.0,1.0,0.032678169320539234,0.0
982,Steaks,74,0.9060655623959756,0.9060779856565248,0.10008640212669301,0.13283457135219104
983,Steaks,75,0.8121204571720342,0.812132773418325,0.10012234827641257,0.13285851759679473
984,Steaks,76,0.7181189833906335,0.7181311578987756,0.10010368788134678,0.13293825932875966
985,Steaks,77,0.7654642510495502,0.765475067885671,0.0998138772184848,0.06695535962521384
986,Steaks,78,0.6713749253389888,0.6713856476367978,0.10012420801449678,0.13306246734311367
987,Steaks,79,0.5772708237911279,0.5772814507251914,0.10003872373920418,0.133083364116288
1018,Sunbeams,58,0.4656264201540839,-0.5068573710317522,,
1019,Sunbeams,59,0.4061563384974317,-0.4279382267894336,,0.0988176195836996
1020,Sunbeams,60,0.3287744998796695,-0.3633579589745669,,0.10078968170852264
1021,Sunbeams,61,0.2523407687716893,-0.2979284056949684,,0.1006138245642955
1022,Sunbeams,62,0.1814927115296687,-0.2275951446797214,,0.09983093117870583
1023,Sunbeams,63,0.1297450375371578,-0.1450401317011227,,0.09743280726496484
1024,Sunbeams,64,0.0540004704253524,-0.0792349509211994,,0.10033723767591561
1025,Sunbeams,65,-0.0104107411405088,-0.0043330383195589,,0.0987881606609108
1026,Sunbeams,66,0.0343134301974422,0.07358474216722,,0.08984114880082657
1027,Sunbeams,67,0.0858046394197479,-0.014736581119087,,0.10223502713952598
1028,Sunbeams,68,0.0447073855034826,0.071887737754539,,0.09587886576184358
1029,Sunbeams,69,0.0979977699216936,-0.0151122998547538,,0.10202387767311663
1030,Sunbeams,70,0.1586158934853089,-0.0957677787880595,,0.10089530804915882
1031,Sunbeams,71,0.2194689218076516,-0.1760963109234839,,0.10077581123976007
1032,Sunbeams,72,0.3037465703870504,-0.2215999414720515,,0.09577735871892257
1033,Sunbeams,73,0.3565331908549266,-0.3087596773974151,,0.10189821817381658
1034,Sunbeams,74,0.277313579850418,-0.3888006476418694,,0.11261573462611374
1035,Sunbeams,75,0.3198688068553673,-0.4830264154345254,,0.10338976091256956
1036,Sunbeams,76,0.3817395586210361,-0.5618366973412114,,0.1001950620452941
1037,Sunbeams,77,0.4349519440605007,-0.6483846173469143,,0.1015977382694698
1038,Sunbeams,78,0.497322668844718,-0.7263604346654929,,0.09985156682100146
1039,Sunbeams,79,0.5603150710002616,-0.8034785666371107,,0.09957534337433935
1070,Tacos,58,0.9142937277359594,-0.9414597485937936,,
1071,Tacos,59,0.8282330581818605,-0.8834734619785605,,0.10377306143466983
1072,Tacos,60,0.7408765556852284,-0.8270058782201695,,0.10401801067101316
1073,Tacos,61,0.6592637659226378,-0.7652166907890683,,0.10236479441794703
1074,Tacos,62,0.5963344620806181,-0.6905643459442985,,0.09763744093770411
1075,Tacos,63,0.5119593083437577,-0.6316911370762316,,0.10288450461824593
1076,Tacos,64,0.4264133244787024,-0.5741298554456621,,0.10310876053175132
1077,Tacos,65,0.3405375963188334,-0.5170838039438663,,0.10309652117764814
1078,Tacos,66,0.2925950041663357,-0.4368929926778927,,0.09342942980557964
1079,Tacos,67,0.2094238453254231,-0.377673493857233,,0.10209990550196624
1080,Tacos,68,0.1257454318605083,-0.3191293713479582,,0.10212488022213885
1081,Tacos,69,0.0404906444738027,-0.2622931013883401,,0.10246336103834854
1082,Tacos,70,-0.0407157384199795,-0.2019419306434243,,0.1011767781310195
1083,Tacos,71,0.0150530986637428,-0.1469077298601341,,0.0783513014922296
1084,Tacos,72,-0.0551611930741644,-0.0784968201245218,,0.09803111411745781
1085,Tacos,73,-0.0022201422885038,-0.0212347205772184,,0.07798527362813559
1086,Tacos,74,8.70579255786e-05,0.0615384839620288,,0.08280535346536427
1087,Tacos,75,0.0559158011893307,-0.0241434037180205,,0.10226550958571776
1088,Tacos,76,0.1213998447698102,0.0183413065568169,,0.07805837924775924
1089,Tacos,77,0.1761185243279404,-0.068199854315481,,0.10238899558893173
1090,Tacos,78,0.2308193314074803,-0.1545394494329905,,0.1022091188701307
1091,Tacos,79,0.2850354139294013,-0.2411400145073723,,0.10217162754515553
1122,Tigers,58,1.0,1.0,,
1123,Tigers,59,1.0,1.0,0.026408875553154264,0.0
1124,Tigers,60,1.0,1.0,0.026628875553154265,0.0
1125,Tigers,61,1.0,1.0,0.026902713239846533,0.0
1126,Tigers,62,1.0,1.0,0.027237834545150122,0.0
1127,Tigers,63,1.0,1.0,0.027311218471134924,0.0
1128,Tigers,64,1.0,1.0,0.027591218471134923,0.0
1129,Tigers,65,1.0,1.0,0.02793121847113492,0.0
1130,Tigers,66,1.0,1.0,0.028231218471134925,0.0
1131,Tigers,67,1.0,1.0,0.028671218471134925,0.0
1132,Tigers,68,1.0,1.0,0.028691218471134927,0.0
1133,Tigers,69,1.0,0.9744148305491042,0.02100852137847677,0.02558516945089584
1134,Tigers,70,1.0,1.0,0.05041792477839803,0.02558516945089584
1135,Tigers,71,1.0,1.0,0.029438187252231775,0.0
1136,Tigers,72,1.0,1.0,0.029714427353814313,0.0
1137,Tigers,73,0.9057178687482542,0.9057178687482542,0.10332064135184481,0.13333506870565912
1138,Tigers,74,0.8113211736425925,0.8113200757301668,0.10340343545204611,0.13349786280520348
1139,Tigers,75,0.7139135162041712,0.7194808760443077,0.10055978423829313,0.13387565247863387
1140,Tigers,76,0.6190760360744405,0.6245940975022688,0.10065749297624911,0.13415531439135384
1141,Tigers,77,0.525512665051286,0.52853977689217,0.10019920459244305,0.13409152435961086
1142,Tigers,78,0.4306358956814483,0.4336357146053692,0.10004001644877457,0.13419531439135404
1143,Tigers,79,0.3435346074310701,0.3312467345681681,0.10047392061275187,0.13442521209927039
1174,Wild Wings,58,-0.9909370334587144,-1.0,,
1175,Wild Wings,59,-1.0,-1.0,0.015667239712978197,0.009062966541285578
1176,Wild Wings,60,-1.0,-1.0,,0.0
1177,Wild Wings,61,-1.0,-1.0,,0.0
1178,Wild Wings,62,-1.0,-1.0,,0.0
1179,Wild Wings,63,-1.0,-1.0,,0.0
1180,Wild Wings,64,-1.0,-1.0,,0.0
1181,Wild Wings,65,-1.0,-1.0,,0.0
1182,Wild Wings,66,-1.0,-1.0,,0.0
1183,Wild Wings,67,-0.941524567866097,-1.0,,0.05847543213390305
1184,Wild Wings,68,-1.0,-1.0,0.03169244834875897,0.05847543213390305
1185,Wild Wings,69,-1.0,-1.0,,0.0
1186,Wild Wings,70,-1.0,-1.0,,0.0
1187,Wild Wings,71,-1.0,-1.0,,0.0
1188,Wild Wings,72,-0.948988312679636,-0.948988312679636,,0.0721414200479944
1189,Wild Wings,73,-1.0,-1.0,0.0445217542849295,0.0721414200479944
1190,Wild Wings,74,-1.0,-1.0,,0.0
1191,Wild Wings,75,-1.0,-1.0,,0.0
1192,Wild Wings,76,-1.0,-1.0,,0.0
1193,Wild Wings,77,-1.0,-1.0,,0.0
1194,Wild Wings,78,-1.0,-1.0,,0.0
1195,Wild Wings,79,-1.0,-1.0,,0.0
1226,Worms,58,-1.0,-1.0,,
1227,Worms,59,-1.0,-1.0,,0.0
1228,Worms,60,-1.0,-1.0,,0.0
1229,Worms,61,-1.0,-1.0,,0.0
1230,Worms,62,-1.0,-1.0,,0.0
1231,Worms,63,-1.0,-1.0,,0.0
1232,Worms,64,-1.0,-1.0,,0.0
1233,Worms,65,-1.0,-1.0,,0.0
1234,Worms,66,-1.0,-1.0,,0.0
1235,Worms,67,-1.0,-1.0,,0.0
1236,Worms,68,-0.9562051010438888,-0.9562051010438888,,0.06193534006649178
1237,Worms,69,-1.0,-1.0,0.024016399114577352,0.06193534006649178
1238,Worms,70,-1.0,-1.0,,0.0
1239,Worms,71,-0.9569054848898167,-0.9570454903713312,,0.06084592944496131
1240,Worms,72,-1.0,-1.0,0.0220484263709053,0.06084592944496131
1241,Worms,73,-1.0,-1.0,,0.0
1242,Worms,74,-1.0,-1.0,,0.0
1243,Worms,75,-0.9579647775323676,-0.9579647775323676,,0.05944678171109592
1244,Worms,76,-1.0,-1.0,0.019417984126180454,0.05944678171109592
1245,Worms,77,-0.9584314680079508,-0.9584314680079508,,0.05878678171109593
1246,Worms,78,-1.0,-1.0,0.017893563422191783,0.05878678171109593
1247,Worms,79,-1.0,-1.0,,0.0
1248,Artists,73,0.9301803866205348,0.9720771197390066,,
1249,Artists,74,0.9932216480258016,0.8943641262222556,0.10006752720489179,0.10006752720489179
1250,Artists,75,0.921723528826073,0.8235089602080446,0.10065999999999994,0.10065999999999994
1251,Artists,76,0.92125473527678,0.8230443823263699,1.4322583884407469e-05,0.000660000000000076
1252,Artists,77,0.9207859417274872,0.8225798044446951,1.43261525783291e-05,0.0006599999999999971
1253,Artists,78,0.9203171481781944,0.8221152265630204,1.4329723050770346e-05,0.0006599999999999182
1254,Artists,79,0.9198483546289016,0.8216506486813456,1.4333295302906134e-05,0.0006599999999999971
1255,Boar,73,0.915408263508784,0.918625664975816,,
1256,Boar,74,0.8360595622576888,0.8392535750779884,0.11223254895521344,0.11223254895521344
1257,Boar,75,0.8274111186321773,0.8306025822564654,0.012232548955213397,0.012232548955213397
1258,Boar,76,0.8187626750066658,0.8219515894349425,8.869829527503488e-06,0.012232548955213397
1259,Boar,77,0.8101142313811542,0.8133005966134196,8.911975920670025e-06,0.012232548955213397
1260,Boar,78,0.8014657877556427,0.8046496037918967,8.954524756485055e-06,0.012232548955213397
1261,Boar,79,0.7928173441301312,0.7959986109703737,8.997481826801583e-06,0.012232548955213397
1262,Cows,73,0.9132429728907066,0.909071933546909,,
1263,Cows,74,0.9048490778722016,0.9006812466734493,0.011868491891985723,0.011868491891985723
1264,Cows,75,0.8964551828536969,0.8922905597999895,0.011868491891985645,0.011868491891985645
1265,Cows,76,0.888061287835192,0.8838998729265297,1.0777445204883076e-05,0.011868491891985723
1266,Cows,77,0.8796673928166872,0.8755091860530699,1.0825402954116657e-05,0.011868491891985723
1267,Cows,78,0.8712734977981823,0.8671184991796101,1.0873789418142235e-05,0.011868491891985723
1268,Cows,79,0.8628796027796775,0.8587278123061504,1.0922610371463831e-05,0.011868491891985723
1269,Crabs Old,73,0.9409963683144168,0.98888403641735,,
1270,Crabs Old,74,0.8618520954090376,0.9093933567912706,,0.11217211810934626
1271,Crabs Old,75,0.8532639234664918,0.9007675952623884,,0.012172118109346312
1272,Crabs Old,76,0.844675751523946,0.8921418337335059,,0.01217211810934647
1273,Crabs Old,77,0.8360875795814002,0.8835160722046235,,0.01217211810934639
1274,Crabs Old,78,0.8274994076388544,0.8748903106757411,,0.01217211810934639
1275,Crabs Old,79,0.8189112356963086,0.8662645491468587,,0.01217211810934639
1276,Excavators,73,0.944951078744628,0.96920723487244,,
1277,Excavators,74,0.9370391085446416,0.961277730196231,0.01120162117086158,0.01120162117086158
1278,Excavators,75,0.9291271383446552,0.953348225520022,0.011201621170861502,0.011201621170861502
1279,Excavators,76,0.8441821650707789,1.0,0.09446644252771877,0.0969125200716104
1280,Excavators,77,0.7593676587940845,1.0,0.07765891439677652,0.0848145062766944
1281,Excavators,78,0.7515349892936778,0.9919921535134036,0.0005920844012854088,0.01120162117086163
1282,Excavators,79,0.7437023197932711,0.9839843070268072,0.0005945830221050186,0.01120162117086171
1283,Fireballs,73,0.9392333456924482,0.9093155460388288,,
1284,Fireballs,74,0.8526738468013295,0.9630927212890966,0.10190452112727676,0.10190452112727676
1285,Fireballs,75,0.7622347615608004,1.0,0.09767996396901461,0.09767996396901461
1286,Fireballs,76,0.7547504681805577,0.9923503594739712,0.0005584581606587602,0.01070194597159819
1287,Fireballs,77,0.6725696128627283,0.9182144524359458,0.10005486290332619,0.11067893066487745
1288,Fireballs,78,0.7630952963387374,0.8906938249881043,0.09947978156141973,0.09461651179324605
1289,Fireballs,79,0.6792412174348439,0.947684732147942,0.10030990415407409,0.10138772138539083
1290,Heartthrobs,73,0.9973960702116031,0.9117442065572338,,
1291,Heartthrobs,74,1.0,0.826771023653227,0.0850130711313307,0.0850130711313307
1292,Heartthrobs,75,0.920800058064984,0.7488183294334951,0.11112719441534066,0.11112719441534066
1293,Heartthrobs,76,0.9128697476109936,0.7410129062124189,0.0004327731913831142,0.011127194415340538
1294,Heartthrobs,77,0.904939437157003,0.7332074829913426,0.0004346342581966949,0.011127194415340696
1295,Heartthrobs,78,0.825739495221987,0.6552547887716109,0.1000095142636485,0.11112719441534058
1296,Heartthrobs,79,0.8178091847679965,0.6474493655505347,0.0004561873846806974,0.011127194415340618
1297,Hedgehogs,73,0.914160538908463,0.9070875343256936,,
1298,Hedgehogs,74,0.8342238066260759,0.8272026056494335,,0.113010986180978
1299,Hedgehogs,75,0.8250206684691084,0.8180054316560064,0.013010986180978106,0.013010986180978106
1300,Hedgehogs,76,0.8158175303121409,0.8088082576625792,2.083742751463558e-05,0.013010986180978106
1301,Hedgehogs,77,0.8066143921551734,0.7996110836691521,2.0943207876492217e-05,0.013010986180978106
1302,Hedgehogs,78,0.7974112539982059,0.790413909675725,2.1050067696616542e-05,0.013010986180978106
1303,Hedgehogs,79,0.7882081158412384,0.7812167356822979,2.1158023583078534e-05,0.013010986180978106
1304,Immortals,73,0.9347553254891344,0.9725859658531948,,
1305,Immortals,74,0.8268138443715488,0.9526143468359214,0.10977353466127074,0.10977353466127074
1306,Immortals,75,0.7479596229490346,0.8728438908850426,0.11216645612107926,0.11216645612107926
1307,Immortals,76,0.6691054015265203,0.7930734349341637,0.10000562018236817,0.11216645612107932
1308,Immortals,77,0.6091548378626325,0.6986403362158056,0.09991923399886068,0.11185562219740698
1309,Immortals,78,0.5301749630293155,0.6189942864074466,0.10000356136706538,0.1121664561210793
1310,Immortals,79,0.4511950881959986,0.5393482365990876,0.10000392897622778,0.11216645612107934
1311,Lobsters,73,0.9942054022831738,0.9895533914453376,,
1312,Lobsters,74,0.9149824838202992,0.9103639948116272,0.11201442473622034,0.11201442473622034
1313,Lobsters,75,0.8357595653574245,0.8311745981779171,0.11201442473622034,0.11201442473622034
1314,Lobsters,76,0.8272622866051804,0.8226809149045095,1.24798926739474e-05,0.0120144247362203
1315,Lobsters,77,0.8187650078529364,0.8141872316311018,1.2537988143158288e-05,0.0120144247362203
1316,Lobsters,78,0.8102677291006923,0.8056935483576942,1.2596627025226316e-05,0.0120144247362203
1317,Lobsters,79,0.7310448106378177,0.726504151723984,0.10000000746657327,0.11201442473622034
1318,Psychics,73,0.9541133704172104,0.9098407745016864,,
1319,Psychics,74,1.0,0.8244219422027604,0.09696370292939611,0.09696370292939611
1320,Psychics,75,0.9201993347904616,0.7458950266121691,0.11195812895925286,0.11195812895925286
1321,Psychics,76,0.911675910413147,0.7375076500801228,0.0004718889167452068,0.011958128959252873
1322,Psychics,77,0.9731229891248644,0.8005634586497202,0.09998297828613643,0.08804418479700811
1323,Psychics,78,0.964600570273218,0.7921750604043324,0.0004516345418910601,0.011958128959252934
1324,Psychics,79,0.9560781514215716,0.7837866621589445,0.0004536647376931192,0.011958128959252934
1325,Saltines,73,0.9973808950650246,0.9947498451773402,,
1326,Saltines,74,0.9185382190934792,0.9159260317891444,0.11148704458999355,0.11148704458999355
1327,Saltines,75,0.8396955431219336,0.8371022184009485,0.11148704458999387,0.11148704458999387
1328,Saltines,76,0.8315720043034972,0.8289806230848876,6.727795020584427e-06,0.01148704458999374
1329,Saltines,77,0.8234484654850608,0.8208590277688268,6.757652232776069e-06,0.01148704458999374
1330,Saltines,78,0.8153249266666244,0.812737432452766,6.78777563227538e-06,0.01148704458999374
1331,Saltines,79,0.807201387848188,0.8046158371367051,6.818168794741864e-06,0.01148704458999374
1332,Squirrels,73,0.989406504364578,0.9421347783367487,,
1333,Squirrels,74,0.9106545821359904,0.8637216131912009,0.11113275719984848,0.11113275719984848
1334,Squirrels,75,0.8318964791544408,0.7853146560442446,0.11113275716141044,0.11113275716141044
1335,Squirrels,76,0.7531446018641939,0.7069014457662415,0.10000071118512255,0.1111327571998483
1336,Squirrels,77,0.6743927245739469,0.6284882354882384,0.10000077725243256,0.1111327571998483
1337,Squirrels,78,0.6665037317063628,0.6206331686899241,0.00013072651242037112,0.01113275719984824
1338,Squirrels,79,0.6586147388387786,0.6127781018916099,0.00013135255854414748,0.01113275719984824
1339,Truckers,73,0.9354476653582816,0.9648295509610992,,
1340,Truckers,74,0.8569082366151561,0.8860790987115515,0.11122084155770794,0.11122084155770794
1341,Truckers,75,0.848984555463164,0.8781341278327658,0.011220841557708118,0.011220841557708118
1342,Truckers,76,0.8410608743111718,0.87018915695398,7.270149981162971e-05,0.011220841557708118
1343,Truckers,77,0.8331371931591797,0.8622441860751943,7.30123460671674e-05,0.011220841557708118
1344,Truckers,78,0.8252135120071875,0.8542992151964085,7.332586183437388e-05,0.011220841557708118
1345,Truckers,79,0.8172898308551954,0.8463542443176227,7.36420816491741e-05,0.011220841557708118
1346,Whales,73,0.9861669265139542,0.9600970105969588,,
1347,Whales,74,0.9015575295831204,1.0,0.09354677232432236,0.09354677232432236
1348,Whales,75,0.8170933916431444,1.0,0.08446413793997598,0.08446413793997598
1349,Whales,76,0.8097738848803085,0.9925567274427533,0.00041229876019270253,0.010439228209626552
1350,Whales,77,0.7256297978548518,1.0,0.07860330764271255,0.08447265644993708
1351,Whales,78,0.6417379576567684,1.0,0.07747648827112621,0.08389184019808338
1352,Whales,79,0.5581247851552269,1.0,0.07741135277825449,0.08361317250154154
1353,Breath Mints,73,0.9597916851446512,0.9240839993843868,,
1354,Breath Mints,74,0.8932608627568701,0.8577771856406842,0.09352618051715465,0.09393052686127414
1355,Breath Mints,75,0.82673025282983,0.7914701587203873,0.09352618135123032,0.09393052686040326
1356,Breath Mints,76,0.7602075065861477,0.7251552425295034,0.09999980926026901,0.09393052686536638
1357,Breath Mints,77,0.6937007722364266,0.6589280671472831,0.09992654880812894,0.09385725583550655
1358,Breath Mints,78,0.6277482758969595,0.59223662338048,0.09986363370465567,0.09379488496239059
1359,Breath Mints,79,0.5613705294888656,0.5260813453089721,0.0998576252226668,0.09371513236898169
1360,Fridays,73,0.994954668899806,0.9220126577315232,,
1361,Fridays,74,0.9381167684634768,0.8652956694835354,0.09817519747697567,0.080295477344197
1362,Fridays,75,0.881223881060473,0.8086138465283892,0.0981893752841783,0.0803095865421396
1363,Fridays,76,0.8242289159864072,0.7520182219692095,0.1000236696756387,0.08032117257011127
1364,Fridays,77,0.7672435076378872,0.6954129751931801,0.10000936031112632,0.08032117234716366
1365,Fridays,78,0.7102580992893671,0.6388077284171507,0.0999976087608593,0.08032117234716366
1366,Fridays,79,0.6532726909408471,0.5822024816411213,0.09999744385017344,0.08032117234716366
